{"type":"FeatureCollection","features":[{"type":"Feature","properties":{"bairro":"Alto do Santana","casos":1,"idade_media":55.0,"custo_total":376.78,"anos":["2025"],"total_ceps":1,"lat":-22.41139,"lon":-47.56139},"geometry":{"type":"Polygon","coordinates":[[[-47.575163299999986,-22.39361379999997],[-47.575400299999956,-22.392859199999975],[-47.57568729999997,-22.392060699999945],[-47.57597529999998,-22.39121319999998],[-47.576252899999986,-22.39035389999998],[-47.57653849999997,-22.390445899999975],[-47.57683689999993,-22.390542],[-47.577218899999934,-22.39065979999998],[-47.57734489999996,-22.390698699999973],[-47.577636,-22.39154119999995],[-47.577761599999974,-22.39179809999996],[-47.57867909999993,-22.39211039999998],[-47.57872139999995,-22.392136299999947],[-47.578736499999934,-22.39209889999995],[-47.57905669999997,-22.39130659999995],[-47.579334899999935,-22.390634399999954],[-47.579623699999956,-22.389925],[-47.57985,-22.38938369999994],[-47.57988409999996,-22.389301599999953],[-47.58016239999995,-22.388641],[-47.58018169999997,-22.388595299999963],[-47.580138799999986,-22.388521199999957],[-47.57978559999998,-22.38789829999996],[-47.57937519999996,-22.387174499999958],[-47.578626499999984,-22.38585429999995],[-47.57833539999996,-22.385374599999977],[-47.578314399999954,-22.38533979999994],[-47.578201699999966,-22.385154],[-47.57877769999993,-22.38466569999997],[-47.57900549999994,-22.384509199999968],[-47.57923089999997,-22.38437149999993],[-47.579494799999964,-22.38424139999995],[-47.579762,-22.384145799999942],[-47.580033,-22.384082899999953],[-47.580334499999935,-22.384033699999975],[-47.58090469999996,-22.383964799999944],[-47.580944399999964,-22.38396],[-47.58093239999994,-22.383761],[-47.580768399999954,-22.383709299999964],[-47.58061159999994,-22.383677399999954],[-47.58048059999993,-22.383668],[-47.58041039999995,-22.383473899999956],[-47.580416799999966,-22.38326],[-47.580416,-22.383121899999935],[-47.580428799999936,-22.383020099999953],[-47.58040369999998,-22.382863099999952],[-47.58039189999994,-22.382713399999943],[-47.580207299999984,-22.38254079999996],[-47.577574899999945,-22.381986599999948],[-47.57722259999997,-22.381916599999954],[-47.57717239999994,-22.38190659999998],[-47.576431799999966,-22.38342229999995],[-47.576386199999945,-22.38339549999995],[-47.57591219999995,-22.38316619999995],[-47.57586659999998,-22.383253],[-47.57562759999996,-22.38380189999998],[-47.57424709999998,-22.383218],[-47.57421029999995,-22.38320209999995],[-47.574193599999944,-22.383194899999978],[-47.57395489999993,-22.383673699999974],[-47.57343329999998,-22.384729499999935],[-47.57325969999994,-22.38509369999997],[-47.57322819999996,-22.38518179999994],[-47.573207399999944,-22.385301],[-47.573200499999984,-22.385340499999927],[-47.57319479999995,-22.385382],[-47.57318749999996,-22.38543459999994],[-47.57316759999998,-22.385500699999966],[-47.57311949999996,-22.385577199999943],[-47.57305439999993,-22.385647699999936],[-47.57302819999995,-22.385678],[-47.57300219999996,-22.385708299999976],[-47.572946799999954,-22.385773],[-47.57289129999998,-22.38585649999993],[-47.57254909999995,-22.38655289999997],[-47.57229429999995,-22.387079599999936],[-47.572283099999936,-22.387079399999948],[-47.572239699999955,-22.387077399999953],[-47.572196599999984,-22.387076099999945],[-47.57049579999995,-22.38695519999993],[-47.569232399999976,-22.38691419999998],[-47.568289,-22.386884],[-47.56823819999994,-22.386882399999934],[-47.568186099999934,-22.38688019999995],[-47.56655269999993,-22.386812],[-47.56535459999998,-22.386763499999972],[-47.56500559999995,-22.386749299999963],[-47.564963399999954,-22.38674759999998],[-47.56492149999997,-22.38674579999997],[-47.56451889999994,-22.38672809999997],[-47.56415019999997,-22.386725599999977],[-47.563822699999946,-22.38674089999995],[-47.56350719999995,-22.386768399999937],[-47.563347,-22.386806099999944],[-47.56330809999997,-22.386815199999944],[-47.56326909999996,-22.386824299999944],[-47.563157899999965,-22.38685019999997],[-47.562816399999974,-22.386954899999978],[-47.56250149999994,-22.38710459999993],[-47.56220289999993,-22.387292],[-47.561896099999956,-22.387522799999942],[-47.561773,-22.387631599999963],[-47.56165869999995,-22.387730199999964],[-47.56161979999996,-22.38776409999997],[-47.561582499999986,-22.38780559999998],[-47.56141109999993,-22.387996699999974],[-47.56128369999993,-22.38821859999996],[-47.561234,-22.38833089999997],[-47.561157599999945,-22.388503399999934],[-47.561084799999946,-22.388708],[-47.560997199999974,-22.389088699999945],[-47.560938799999974,-22.389439099999947],[-47.560889,-22.389737099999934],[-47.560778899999946,-22.390744299999938],[-47.56077549999998,-22.39078379999995],[-47.56088969999996,-22.39079419999996],[-47.56083449999994,-22.39136209999998],[-47.56066409999994,-22.392570099999944],[-47.56050049999993,-22.393456399999934],[-47.56041559999994,-22.393924399999946],[-47.560311199999944,-22.394825099999935],[-47.560298099999955,-22.394939699999952],[-47.56010409999993,-22.39585459999995],[-47.56002339999998,-22.39628609999994],[-47.55989809999994,-22.397060299999964],[-47.55989269999998,-22.397311099999968],[-47.55979579999996,-22.397885299999928],[-47.55968119999994,-22.39838249999997],[-47.55995079999997,-22.398463],[-47.560302,-22.397443099999975],[-47.56061559999995,-22.396532099999945],[-47.56091339999995,-22.395710899999983],[-47.56112419999994,-22.395054499999958],[-47.56113759999994,-22.395015399999977],[-47.56113949999997,-22.395009899999934],[-47.56127939999993,-22.394592299999942],[-47.56202609999997,-22.392394199999956],[-47.56230289999996,-22.39155],[-47.562482699999975,-22.390993799999933],[-47.56271659999993,-22.390337899999963],[-47.56281729999995,-22.390055699999948],[-47.56372649999997,-22.390325],[-47.56500589999996,-22.390704],[-47.56578319999994,-22.390939799999956],[-47.56552449999998,-22.391683599999965],[-47.565436199999965,-22.391937499999983],[-47.56525019999998,-22.39247219999993],[-47.56524539999998,-22.392529199999956],[-47.565228899999966,-22.392580099999975],[-47.56526709999997,-22.392591899999957],[-47.566148099999964,-22.392864],[-47.567071399999975,-22.393138199999953],[-47.567967399999986,-22.393406399999947],[-47.56901209999995,-22.393722699999955],[-47.569051299999956,-22.39373459999996],[-47.569082599999945,-22.393744199999958],[-47.56910559999994,-22.39375119999994],[-47.56913209999993,-22.393758899999966],[-47.569160099999976,-22.393767],[-47.56920139999994,-22.393779499999937],[-47.570492,-22.394172399999945],[-47.57053069999995,-22.394184199999927],[-47.57057569999995,-22.394197899999938],[-47.57155289999997,-22.39449449999995],[-47.57159009999998,-22.394505799999934],[-47.57163029999998,-22.394518199999936],[-47.572533299999975,-22.394795899999963],[-47.572573499999976,-22.394808299999966],[-47.57261189999997,-22.394819799999937],[-47.572782899999936,-22.394871],[-47.57280519999995,-22.39487639999993],[-47.57287249999996,-22.39488929999993],[-47.57289679999997,-22.39489329999998],[-47.57297689999996,-22.39490079999996],[-47.57299839999996,-22.394901499999946],[-47.573100899999986,-22.394899],[-47.57323539999993,-22.39488289999997],[-47.57338379999993,-22.394857699999932],[-47.57339849999994,-22.39485469999994],[-47.57361839999993,-22.39480569999995],[-47.57366179999997,-22.394796],[-47.573707199999944,-22.39478589999993],[-47.57471429999998,-22.39456169999994],[-47.57474869999993,-22.394554099999937],[-47.57484649999998,-22.394532599999934],[-47.57486229999995,-22.394486099999938],[-47.575163299999986,-22.39361379999997]]]}},{"type":"Feature","properties":{"bairro":"Centro","casos":15,"idade_media":58.9,"custo_total":34177.24,"anos":"['2021' '2022' '2023' '2024' '2025']","total_ceps":12,"lat":-22.41139,"lon":-47.56139},"geometry":{"type":"Polygon","coordinates":[[[-47.566224499999976,-22.41478879999994],[-47.56715649999995,-22.415092],[-47.56805809999997,-22.415385399999934],[-47.56896939999996,-22.415674899999942],[-47.569011899999964,-22.415689199999974],[-47.56902739999998,-22.41565129999998],[-47.569346,-22.414873299999954],[-47.569699699999944,-22.413982399999952],[-47.56977089999998,-22.413792399999977],[-47.569780299999934,-22.413770899999975],[-47.56979639999997,-22.41373429999993],[-47.56981259999998,-22.413697399999933],[-47.569835,-22.413628],[-47.569858899999986,-22.413591699999927],[-47.569875399999944,-22.413552599999946],[-47.569884599999966,-22.41353309999994],[-47.569888599999956,-22.413517799999966],[-47.56990939999997,-22.413474699999938],[-47.569928199999936,-22.413435899999968],[-47.56997549999994,-22.413338299999964],[-47.570009,-22.413269],[-47.57006569999993,-22.41314879999993],[-47.57033789999997,-22.412432399999943],[-47.57039619999995,-22.412296099999935],[-47.570420199999944,-22.412239599999964],[-47.57043369999997,-22.41220839999994],[-47.570444399999985,-22.412183599999935],[-47.57044929999995,-22.412172],[-47.570465,-22.412134399999957],[-47.57075709999998,-22.411435],[-47.570772799999986,-22.41139759999993],[-47.57079,-22.411356499999954],[-47.57111149999997,-22.41058979999997],[-47.571126799999945,-22.41055339999997],[-47.57108029999995,-22.41053809999994],[-47.570169799999974,-22.410247699999957],[-47.56926389999995,-22.409964599999967],[-47.568346,-22.409687],[-47.56742639999993,-22.409389399999952],[-47.566501399999936,-22.409102],[-47.56557189999995,-22.40881369999994],[-47.56506649999994,-22.40865189999994],[-47.56490869999993,-22.408591399999978],[-47.564651099999935,-22.40850649999993],[-47.56479009999998,-22.40815429999998],[-47.56486069999994,-22.40801319999997],[-47.56502249999994,-22.407632499999977],[-47.56537909999997,-22.40677729999993],[-47.565776,-22.40582539999997],[-47.566127499999936,-22.404995799999938],[-47.566436399999986,-22.404230799999937],[-47.565263899999934,-22.403890399999966],[-47.565186799999935,-22.403861699999936],[-47.56521029999993,-22.403779699999973],[-47.565211,-22.403777299999945],[-47.56521189999995,-22.403774099999964],[-47.56524159999998,-22.403671199999962],[-47.56536909999994,-22.403375799999935],[-47.56548319999996,-22.40311889999998],[-47.56576869999998,-22.402292599999953],[-47.56608669999997,-22.401409299999955],[-47.566412,-22.400547],[-47.566767899999945,-22.399603699999943],[-47.567071399999975,-22.398750199999938],[-47.567383,-22.397909899999945],[-47.56766969999995,-22.397097299999928],[-47.56673779999994,-22.396807399999943],[-47.565831499999945,-22.396531799999934],[-47.56491459999995,-22.396246],[-47.56397839999994,-22.39595419999995],[-47.56340559999995,-22.39576409999995],[-47.56325,-22.395722499999977],[-47.56315239999998,-22.395705299999975],[-47.563121799999976,-22.39572149999998],[-47.563080699999944,-22.39572789999994],[-47.56304189999997,-22.39572039999996],[-47.56301639999998,-22.39570679999997],[-47.56298449999997,-22.395670199999927],[-47.56297449999994,-22.395637],[-47.562976799999944,-22.39560359999996],[-47.56298829999997,-22.395576699999935],[-47.56299229999996,-22.395572899999934],[-47.562951399999974,-22.395560599999953],[-47.56214419999998,-22.395317899999952],[-47.56209329999996,-22.39530259999998],[-47.56204939999998,-22.39528919999998],[-47.56117789999996,-22.395021699999972],[-47.56113949999997,-22.395009899999934],[-47.56113759999994,-22.395015399999977],[-47.56112419999994,-22.395054499999958],[-47.56091339999995,-22.395710899999983],[-47.56061559999995,-22.396532099999945],[-47.560302,-22.397443099999975],[-47.55995079999997,-22.398463],[-47.55968119999994,-22.39838249999997],[-47.55963639999993,-22.398368699999935],[-47.55951909999993,-22.39833269999997],[-47.558599699999945,-22.39804909999998],[-47.55763159999998,-22.39772449999998],[-47.557904399999984,-22.398703299999966],[-47.55791769999996,-22.398766099999932],[-47.55792239999994,-22.39881859999997],[-47.557920699999954,-22.39886009999998],[-47.55790379999996,-22.398891299999946],[-47.55787529999998,-22.39891289999997],[-47.55783269999995,-22.39892459999993],[-47.557226399999934,-22.39896269999997],[-47.55687519999998,-22.398982599999954],[-47.55667729999993,-22.398986],[-47.55668859999997,-22.39936119999993],[-47.55664539999998,-22.39988969999996],[-47.556574,-22.400762399999962],[-47.556502199999954,-22.401639899999964],[-47.55643139999995,-22.40250519999995],[-47.556411899999944,-22.402744199999972],[-47.55642439999997,-22.403142699999933],[-47.55646019999995,-22.403777899999966],[-47.556520199999966,-22.40508159999996],[-47.55743549999994,-22.405371499999944],[-47.55837319999995,-22.405646499999932],[-47.55810509999998,-22.406393299999934],[-47.55794,-22.406853299999966],[-47.557704599999965,-22.407212199999947],[-47.55740609999998,-22.408064099999933],[-47.55708459999994,-22.408966199999952],[-47.55677949999995,-22.409821799999975],[-47.556496,-22.41063209999993],[-47.55630209999998,-22.411163099999953],[-47.55623689999993,-22.411323799999934],[-47.55617529999995,-22.411450299999956],[-47.55615609999995,-22.411490899999933],[-47.556128599999965,-22.411543499999937],[-47.556103,-22.411584799999957],[-47.556079799999964,-22.41161909999994],[-47.55594739999998,-22.411771899999962],[-47.55581539999997,-22.41188429999994],[-47.55568969999996,-22.41201019999994],[-47.554816399999936,-22.413062899999943],[-47.55436139999995,-22.413611299999957],[-47.55457249999995,-22.413791599999968],[-47.55460359999995,-22.413765299999966],[-47.55526359999993,-22.413207599999964],[-47.55541929999998,-22.413257099999953],[-47.55546519999996,-22.41327169999994],[-47.55649869999996,-22.413595399999963],[-47.55639979999995,-22.41386719999997],[-47.55629979999998,-22.414142199999958],[-47.55620579999993,-22.414400599999965],[-47.557129,-22.414688299999966],[-47.558094799999935,-22.415002499999957],[-47.55777349999994,-22.415861099999972],[-47.55862529999996,-22.41613719999998],[-47.55954379999997,-22.41642889999997],[-47.560473299999956,-22.416724],[-47.560184299999946,-22.41757],[-47.559876,-22.41840979999995],[-47.55969029999994,-22.418854599999975],[-47.559649899999954,-22.41895139999997],[-47.559551099999965,-22.419188],[-47.55918429999997,-22.42006669999995],[-47.55883979999993,-22.420891799999936],[-47.55850989999993,-22.421723199999974],[-47.559109199999966,-22.421937399999933],[-47.559946199999956,-22.422251],[-47.56086439999996,-22.422576799999945],[-47.561213899999984,-22.42174689999996],[-47.561559,-22.42092139999994],[-47.561930899999936,-22.420088],[-47.562036699999965,-22.41981069999997],[-47.562061,-22.41975469999994],[-47.56211369999994,-22.41977449999996],[-47.562910199999976,-22.420073899999977],[-47.562947399999985,-22.420087899999942],[-47.56297139999998,-22.420028599999966],[-47.56320219999998,-22.419488899999976],[-47.563550599999985,-22.41867],[-47.563904599999944,-22.417838],[-47.564255199999934,-22.417008599999974],[-47.56461249999995,-22.41615859999996],[-47.565507199999956,-22.416454699999974],[-47.565862299999935,-22.41563],[-47.566224499999976,-22.41478879999994]]]}},{"type":"Feature","properties":{"bairro":"Cidade Jardim","casos":7,"idade_media":57.4,"custo_total":16059.54,"anos":"['2021' '2022' '2025']","total_ceps":3,"lat":-22.41139,"lon":-47.56139},"geometry":{"type":"Polygon","coordinates":[[[-47.55300579999994,-22.4259],[-47.55339159999994,-22.426452299999937],[-47.55354479999994,-22.426717699999983],[-47.55368249999998,-22.426991199999975],[-47.55379659999994,-22.427292399999942],[-47.553876,-22.42758029999993],[-47.55393109999994,-22.42794639999994],[-47.55394169999994,-22.428025899999966],[-47.553958,-22.428148299999975],[-47.55396379999996,-22.428192099999933],[-47.55399669999997,-22.428644],[-47.55398059999993,-22.428960599999982],[-47.553625899999986,-22.43116379999998],[-47.553562399999976,-22.43157919999993],[-47.55352889999995,-22.431819599999983],[-47.55350359999994,-22.432087099999933],[-47.55349709999996,-22.432354699999962],[-47.55351009999998,-22.432694199999958],[-47.55354169999998,-22.433026],[-47.55357689999994,-22.433321699999965],[-47.55364019999996,-22.433604599999967],[-47.55373079999998,-22.43390979999998],[-47.55383649999993,-22.434199399999954],[-47.553976,-22.434536299999934],[-47.554122,-22.434839599999975],[-47.55426259999996,-22.43507969999996],[-47.554277799999966,-22.435103399999946],[-47.55429829999997,-22.43513539999998],[-47.554321699999946,-22.435171699999955],[-47.55648779999996,-22.438532099999975],[-47.55666269999995,-22.438862],[-47.556768,-22.439105499999982],[-47.55685209999996,-22.439413799999954],[-47.556905599999936,-22.439692199999968],[-47.55693389999993,-22.43999569999994],[-47.556930299999976,-22.440322399999957],[-47.55687179999995,-22.44067579999995],[-47.55676209999996,-22.440998099999945],[-47.55658119999998,-22.44132049999996],[-47.55641019999996,-22.441604199999972],[-47.55628559999997,-22.441763299999934],[-47.556395099999975,-22.44183279999993],[-47.55651439999997,-22.441888],[-47.55662609999996,-22.441969599999936],[-47.55670169999996,-22.44207069999993],[-47.55682219999994,-22.442201599999976],[-47.55706809999998,-22.442419299999983],[-47.557208499999945,-22.442482499999983],[-47.557388799999956,-22.44252359999996],[-47.55747269999995,-22.442549199999974],[-47.557495899999935,-22.442596],[-47.55746149999993,-22.442654199999936],[-47.55734959999995,-22.442719799999963],[-47.55720679999996,-22.442767699999933],[-47.55705089999998,-22.44275159999995],[-47.55689259999997,-22.44275639999995],[-47.556717799999944,-22.44278689999993],[-47.556619299999966,-22.442835099999968],[-47.55657739999998,-22.44291839999994],[-47.55660149999994,-22.442970199999934],[-47.556706,-22.443057499999952],[-47.55679139999995,-22.44312969999993],[-47.556786,-22.443268899999964],[-47.55682349999995,-22.443352699999934],[-47.55689189999998,-22.443501599999934],[-47.55697589999994,-22.443572],[-47.55707849999993,-22.44359],[-47.55713939999998,-22.443643399999928],[-47.557149799999934,-22.443727199999955],[-47.55711669999994,-22.443909099999928],[-47.55702489999993,-22.444229399999983],[-47.55694749999998,-22.444549799999947],[-47.556924599999945,-22.444746899999927],[-47.55692979999998,-22.44487],[-47.55702179999997,-22.44493209999996],[-47.55726439999995,-22.445068299999946],[-47.55737,-22.445128299999965],[-47.55745329999996,-22.445236699999953],[-47.55743359999997,-22.445311],[-47.55737359999995,-22.445397399999933],[-47.557309,-22.445431199999973],[-47.55714809999995,-22.44541],[-47.557027199999936,-22.445417499999962],[-47.55693169999995,-22.445496299999945],[-47.55687179999995,-22.445584699999927],[-47.55681509999994,-22.445702599999947],[-47.55681059999995,-22.445786099999964],[-47.55690049999998,-22.445889699999952],[-47.55700939999997,-22.445901099999958],[-47.557144799999946,-22.44586259999994],[-47.55725709999996,-22.445849599999974],[-47.55733669999995,-22.445893599999977],[-47.55739049999994,-22.44597619999996],[-47.55736979999995,-22.446054499999946],[-47.55727859999996,-22.44615639999995],[-47.557088,-22.44632919999998],[-47.55689959999995,-22.446446399999957],[-47.55686369999995,-22.446528599999965],[-47.556906599999934,-22.446604399999956],[-47.55697829999997,-22.446665],[-47.557112899999936,-22.446755],[-47.557291599999985,-22.446901499999967],[-47.55740979999996,-22.447027599999956],[-47.55749829999996,-22.44716449999993],[-47.557525,-22.44728939999993],[-47.557504499999936,-22.447475899999972],[-47.55747829999996,-22.44763389999997],[-47.55747,-22.44781219999993],[-47.55738489999993,-22.447933699999965],[-47.55729469999994,-22.448013199999934],[-47.55720469999994,-22.448048099999937],[-47.55690759999993,-22.44806079999995],[-47.55679509999993,-22.448073699999952],[-47.55669939999996,-22.44811629999998],[-47.556623599999966,-22.44819309999997],[-47.55658839999995,-22.448248299999932],[-47.556588499999975,-22.44831039999997],[-47.556621,-22.448380499999928],[-47.556761499999936,-22.448609099999942],[-47.556817,-22.448735599999964],[-47.55685159999996,-22.448892199999932],[-47.55686529999997,-22.449057899999957],[-47.55689419999993,-22.449230899999975],[-47.55693069999995,-22.449436799999944],[-47.55696109999997,-22.449535199999957],[-47.557016199999964,-22.449616099999957],[-47.55714729999994,-22.449722599999973],[-47.557300399999974,-22.449810799999966],[-47.55750589999997,-22.449918399999945],[-47.557682599999964,-22.44997879999994],[-47.557802899999956,-22.450000599999953],[-47.55791869999996,-22.450042699999983],[-47.557960399999956,-22.45006939999996],[-47.557995699999935,-22.450092],[-47.558031,-22.45011459999995],[-47.55810879999996,-22.45016449999997],[-47.55871929999995,-22.449612899999977],[-47.56066229999993,-22.44778009999993],[-47.56167119999998,-22.446730099999968],[-47.562771399999974,-22.445536],[-47.56354249999998,-22.44465169999995],[-47.56393779999996,-22.444198399999948],[-47.565268799999956,-22.442503899999963],[-47.565579499999956,-22.44210979999997],[-47.566124799999955,-22.44134889999998],[-47.56606229999994,-22.441297],[-47.56603179999996,-22.44127179999998],[-47.56599539999996,-22.441241699999978],[-47.565600899999936,-22.44091489999994],[-47.565561299999956,-22.440882199999976],[-47.56555289999994,-22.440872699999943],[-47.56552979999998,-22.44084609999993],[-47.565117199999975,-22.440386799999942],[-47.56507879999998,-22.44035779999996],[-47.565078899999946,-22.440333099999975],[-47.56506329999996,-22.440241899999933],[-47.565056,-22.440213299999982],[-47.56504649999994,-22.440187099999946],[-47.565036599999985,-22.44017219999995],[-47.565058499999964,-22.440128399999935],[-47.56525179999994,-22.43974979999996],[-47.565258,-22.43973559999995],[-47.56527059999996,-22.439698299999975],[-47.565277299999934,-22.439669299999935],[-47.565279,-22.43964879999993],[-47.565279,-22.439632],[-47.56527739999996,-22.43960629999998],[-47.56526319999995,-22.439513699999964],[-47.56525579999993,-22.43947079999998],[-47.56524719999993,-22.439430399999935],[-47.56513609999996,-22.43894039999998],[-47.565123899999946,-22.43890179999994],[-47.56511189999998,-22.438862],[-47.56507669999996,-22.438783299999955],[-47.56504929999994,-22.43873629999996],[-47.56501449999996,-22.43854779999998],[-47.564973,-22.438347499999963],[-47.56487809999993,-22.437769299999957],[-47.56488879999995,-22.437734599999942],[-47.564913399999966,-22.43769649999996],[-47.564967499999966,-22.437639299999944],[-47.564931599999966,-22.437486499999977],[-47.56481149999996,-22.43676069999998],[-47.56464219999998,-22.435965599999975],[-47.564432299999964,-22.435132599999974],[-47.564197899999954,-22.434250799999973],[-47.564012599999955,-22.43343169999997],[-47.56385059999997,-22.432853399999942],[-47.56379289999995,-22.432640899999967],[-47.56378689999997,-22.432583299999976],[-47.56378369999993,-22.43252149999995],[-47.56378669999998,-22.43245859999996],[-47.563806099999965,-22.432406399999934],[-47.56384259999993,-22.43236449999995],[-47.56391619999994,-22.43231069999996],[-47.56507819999996,-22.431488299999955],[-47.56513049999995,-22.431468],[-47.565165399999955,-22.431464699999935],[-47.56520409999996,-22.43146719999993],[-47.565515,-22.431507299999964],[-47.56557589999994,-22.431503199999952],[-47.56562269999995,-22.43149089999997],[-47.565664599999934,-22.431469899999968],[-47.56573089999995,-22.431428],[-47.56622439999995,-22.431057799999962],[-47.56629739999994,-22.431003399999952],[-47.56632949999994,-22.430979499999978],[-47.56654629999997,-22.430818],[-47.566369,-22.430589899999973],[-47.566344399999934,-22.43055819999995],[-47.56632029999997,-22.430526099999952],[-47.56615769999996,-22.43032539999996],[-47.56599859999994,-22.430132699999945],[-47.56534419999997,-22.429362],[-47.564460199999985,-22.428251],[-47.56432909999995,-22.428088199999934],[-47.564304,-22.428057],[-47.56427889999998,-22.428025799999944],[-47.56405049999995,-22.427742399999943],[-47.56379629999998,-22.427440199999978],[-47.56376949999998,-22.427409499999953],[-47.56374429999994,-22.427378399999952],[-47.563571499999966,-22.427173099999948],[-47.562624599999936,-22.426012699999944],[-47.56122639999995,-22.424314],[-47.56111159999995,-22.424160599999936],[-47.56092549999994,-22.424005799999975],[-47.56086369999997,-22.423929899999962],[-47.56075539999995,-22.423802499999965],[-47.560653499999944,-22.423696],[-47.56059,-22.423644],[-47.56052219999998,-22.423595699999964],[-47.56045689999996,-22.42353939999998],[-47.560528,-22.42336849999998],[-47.56055479999998,-22.42329469999993],[-47.56057919999995,-22.42326369999995],[-47.560606,-22.42321849999996],[-47.56062369999995,-22.423184],[-47.560788499999944,-22.42277189999993],[-47.56086439999996,-22.422576799999945],[-47.559946199999956,-22.422251],[-47.559109199999966,-22.421937399999933],[-47.55850989999993,-22.421723199999974],[-47.55883979999993,-22.420891799999936],[-47.55918429999997,-22.42006669999995],[-47.559551099999965,-22.419188],[-47.559649899999954,-22.41895139999997],[-47.55969029999994,-22.418854599999975],[-47.559876,-22.41840979999995],[-47.560184299999946,-22.41757],[-47.560473299999956,-22.416724],[-47.55954379999997,-22.41642889999997],[-47.55862529999996,-22.41613719999998],[-47.55777349999994,-22.415861099999972],[-47.558094799999935,-22.415002499999957],[-47.557129,-22.414688299999966],[-47.55620579999993,-22.414400599999965],[-47.55629979999998,-22.414142199999958],[-47.55639979999995,-22.41386719999997],[-47.55649869999996,-22.413595399999963],[-47.55546519999996,-22.41327169999994],[-47.55541929999998,-22.413257099999953],[-47.55526359999993,-22.413207599999964],[-47.55460359999995,-22.413765299999966],[-47.55457249999995,-22.413791599999968],[-47.554541599999936,-22.41381769999998],[-47.55438209999994,-22.413952499999937],[-47.554178899999954,-22.414148299999965],[-47.55399289999997,-22.414349],[-47.553824099999986,-22.41454479999993],[-47.553674599999965,-22.414762],[-47.55354339999997,-22.41499779999998],[-47.553390099999945,-22.41528459999995],[-47.55325349999998,-22.415589199999943],[-47.553209299999935,-22.415710699999977],[-47.55314839999994,-22.415878299999974],[-47.55249089999995,-22.418619699999965],[-47.55209049999996,-22.420299399999976],[-47.552081199999975,-22.420338499999957],[-47.55206769999995,-22.42039479999994],[-47.55205859999995,-22.420432799999958],[-47.551890199999946,-22.42113839999996],[-47.55171739999997,-22.421877499999937],[-47.55169539999997,-22.421971799999938],[-47.551634699999966,-22.422334199999966],[-47.55159229999998,-22.42269609999994],[-47.55159109999994,-22.423022499999945],[-47.55162379999996,-22.42335939999998],[-47.55169509999996,-22.423671499999955],[-47.55179439999995,-22.42396119999995],[-47.55195149999997,-22.42431769999996],[-47.55212689999996,-22.424639299999967],[-47.55235529999993,-22.424968899999953],[-47.55300579999994,-22.4259]]]}},{"type":"Feature","properties":{"bairro":"Cidade Nova","casos":5,"idade_media":61.2,"custo_total":8114.99,"anos":"['2022' '2023' '2024' '2025']","total_ceps":5,"lat":-22.41139,"lon":-47.56139},"geometry":{"type":"Polygon","coordinates":[[[-47.54946589999997,-22.412388799999974],[-47.548974499999986,-22.41239939999997],[-47.54848489999995,-22.412402399999962],[-47.548063499999955,-22.412398499999938],[-47.547963599999946,-22.412442099999964],[-47.547898299999986,-22.412448],[-47.547635199999945,-22.41244949999998],[-47.547259699999984,-22.412431399999946],[-47.547166,-22.41242269999998],[-47.546831199999986,-22.41230939999997],[-47.54645719999996,-22.41213529999993],[-47.54627949999997,-22.41218829999997],[-47.54601939999998,-22.412247],[-47.545906799999955,-22.41226409999996],[-47.545788,-22.412268599999948],[-47.54550489999997,-22.412247599999944],[-47.54544139999996,-22.412246],[-47.545385299999964,-22.412263399999972],[-47.54491019999995,-22.412587599999938],[-47.54478389999997,-22.412676699999963],[-47.54481019999997,-22.412707099999977],[-47.544886099999985,-22.412795199999948],[-47.544975299999976,-22.412936499999944],[-47.54509439999998,-22.41303389999996],[-47.545230699999934,-22.413158499999952],[-47.545353699999964,-22.41325569999998],[-47.54540289999994,-22.413355299999978],[-47.54539149999994,-22.413442],[-47.54529139999994,-22.413542699999937],[-47.54505249999994,-22.41377],[-47.544979799999965,-22.413885599999958],[-47.54495889999998,-22.413998599999957],[-47.548213499999974,-22.41467979999993],[-47.54825269999998,-22.414688],[-47.549201799999935,-22.41488739999994],[-47.55016039999998,-22.415088799999978],[-47.55110429999996,-22.41528219999998],[-47.552050399999985,-22.415478399999927],[-47.55297829999995,-22.415665599999954],[-47.553017799999964,-22.41567329999998],[-47.553209299999935,-22.415710699999977],[-47.55325349999998,-22.415589199999943],[-47.553390099999945,-22.41528459999995],[-47.55354339999997,-22.41499779999998],[-47.553674599999965,-22.414762],[-47.553824099999986,-22.41454479999993],[-47.55399289999997,-22.414349],[-47.554178899999954,-22.414148299999965],[-47.55438209999994,-22.413952499999937],[-47.554541599999936,-22.41381769999998],[-47.55457249999995,-22.413791599999968],[-47.55436139999995,-22.413611299999957],[-47.554816399999936,-22.413062899999943],[-47.55568969999996,-22.41201019999994],[-47.55581539999997,-22.41188429999994],[-47.55594739999998,-22.411771899999962],[-47.556079799999964,-22.41161909999994],[-47.556103,-22.411584799999957],[-47.556128599999965,-22.411543499999937],[-47.55615609999995,-22.411490899999933],[-47.55617529999995,-22.411450299999956],[-47.55623689999993,-22.411323799999934],[-47.55630209999998,-22.411163099999953],[-47.556496,-22.41063209999993],[-47.55677949999995,-22.409821799999975],[-47.55708459999994,-22.408966199999952],[-47.55740609999998,-22.408064099999933],[-47.557704599999965,-22.407212199999947],[-47.55794,-22.406853299999966],[-47.55810509999998,-22.406393299999934],[-47.55837319999995,-22.405646499999932],[-47.55743549999994,-22.405371499999944],[-47.556520199999966,-22.40508159999996],[-47.555595,-22.404824099999928],[-47.55526469999995,-22.40473479999997],[-47.55471719999997,-22.404574199999956],[-47.554284,-22.40444709999997],[-47.55377989999994,-22.404299299999934],[-47.55330569999995,-22.40416019999998],[-47.55284289999997,-22.40402439999997],[-47.55239469999998,-22.403893599999947],[-47.55235619999996,-22.40388059999998],[-47.55219269999998,-22.403825299999937],[-47.55214059999997,-22.40396869999995],[-47.55212689999996,-22.404006299999935],[-47.55211319999995,-22.404044],[-47.55207969999998,-22.404136],[-47.552013199999976,-22.40429809999995],[-47.55177589999994,-22.40485659999996],[-47.551625299999955,-22.40523419999994],[-47.55161059999995,-22.405271],[-47.55159609999998,-22.405308699999978],[-47.55141759999998,-22.405771899999934],[-47.55137829999995,-22.405873799999938],[-47.551339,-22.405986299999938],[-47.551321,-22.406063399999937],[-47.55130729999996,-22.40613869999993],[-47.551303,-22.40617979999996],[-47.551298,-22.40627939999996],[-47.551302,-22.406477],[-47.551304399999935,-22.406517299999962],[-47.551306899999986,-22.40655709999993],[-47.55131449999993,-22.40667579999996],[-47.551317,-22.40671629999997],[-47.55132659999998,-22.40675559999994],[-47.551367899999946,-22.406925099999967],[-47.55142519999998,-22.40753239999998],[-47.55147449999998,-22.40784759999997],[-47.55152089999996,-22.408175899999947],[-47.551538499999936,-22.40826549999997],[-47.55155959999996,-22.408481799999947],[-47.551559399999974,-22.408678599999973],[-47.55149639999996,-22.40904219999993],[-47.55139909999997,-22.40940569999998],[-47.55129009999996,-22.409782699999937],[-47.55120169999998,-22.41011469999995],[-47.55109479999993,-22.410430299999973],[-47.550902399999984,-22.41081029999998],[-47.55071229999993,-22.41107829999993],[-47.55048629999993,-22.411358],[-47.550298699999985,-22.411463399999946],[-47.55007079999996,-22.411500099999955],[-47.54981159999994,-22.41161119999998],[-47.54956619999996,-22.41179079999995],[-47.54944479999995,-22.41202439999995],[-47.549451499999975,-22.412199],[-47.54945689999994,-22.412233499999957],[-47.54947039999996,-22.412319],[-47.54946849999993,-22.412349],[-47.54946589999997,-22.412388799999974]]]}},{"type":"Feature","properties":{"bairro":"Conjunto Habitacional Arco-Íris (Cecap)","casos":3,"idade_media":63.0,"custo_total":7933.03,"anos":"['2022' '2025']","total_ceps":3,"lat":-22.41139,"lon":-47.56139},"geometry":{"type":"Polygon","coordinates":[[[-47.54674249999994,-22.38028019999996],[-47.54675049999997,-22.380278],[-47.546793899999955,-22.380266],[-47.54789219999998,-22.379960299999937],[-47.54885529999996,-22.37968049999995],[-47.54932749999995,-22.37955009999996],[-47.549769099999935,-22.379425499999968],[-47.55030059999996,-22.379275399999983],[-47.55066689999995,-22.37917639999995],[-47.551154,-22.379034499999932],[-47.55161,-22.37890569999996],[-47.552533,-22.378657699999962],[-47.55280349999998,-22.378579799999955],[-47.553477,-22.378390499999966],[-47.55440519999996,-22.378135],[-47.55532729999993,-22.377877499999954],[-47.55536579999995,-22.37786669999997],[-47.55598689999994,-22.377692799999977],[-47.55602539999995,-22.377682],[-47.55600789999994,-22.377609399999983],[-47.555854599999975,-22.376939499999935],[-47.55569419999995,-22.37627589999994],[-47.555577599999936,-22.375770099999954],[-47.55554559999996,-22.37563149999994],[-47.555453,-22.375235699999962],[-47.555387,-22.374965],[-47.555312399999934,-22.37465459999993],[-47.55526109999994,-22.374609199999952],[-47.55504049999996,-22.37452769999993],[-47.554978699999936,-22.37452449999995],[-47.55487949999997,-22.374533],[-47.55481489999994,-22.374547399999983],[-47.55472169999996,-22.374568199999942],[-47.554621199999985,-22.37459549999994],[-47.55446249999994,-22.37463269999995],[-47.554346899999985,-22.374676],[-47.554227699999956,-22.374717199999964],[-47.55387369999994,-22.374825],[-47.55334,-22.374986899999953],[-47.5527,-22.375186],[-47.552104199999974,-22.37536849999998],[-47.55144439999998,-22.375570899999957],[-47.55031329999997,-22.375922799999955],[-47.54941979999995,-22.376201599999945],[-47.54930029999997,-22.37622609999994],[-47.54913869999996,-22.376251199999956],[-47.54898179999998,-22.376261799999952],[-47.548887099999945,-22.376274099999932],[-47.54878279999997,-22.37629949999996],[-47.54792319999996,-22.37657439999998],[-47.545655599999975,-22.37729989999997],[-47.54561529999995,-22.377312699999948],[-47.54561259999997,-22.37724449999996],[-47.54494089999997,-22.37747049999996],[-47.544791,-22.377521],[-47.544359499999985,-22.377676599999972],[-47.543414,-22.378026699999964],[-47.54357339999996,-22.37811709999994],[-47.54316659999995,-22.37839219999995],[-47.54240359999994,-22.378903099999945],[-47.542911499999946,-22.379565399999933],[-47.542619799999954,-22.379773799999953],[-47.54257439999998,-22.379813599999977],[-47.542572,-22.379868699999975],[-47.542530099999965,-22.38081569999997],[-47.54241859999996,-22.38285019999995],[-47.54241479999996,-22.38292389999998],[-47.542393,-22.383183499999973],[-47.54235349999993,-22.38322389999996],[-47.54231149999998,-22.383266799999944],[-47.542277,-22.38330209999998],[-47.538637,-22.38704169999994],[-47.534034599999984,-22.391727599999967],[-47.53410149999996,-22.391870499999982],[-47.53422079999996,-22.391943599999934],[-47.53440669999998,-22.39205359999994],[-47.53453449999995,-22.39218139999997],[-47.53516639999998,-22.39249259999997],[-47.53528609999995,-22.39264989999998],[-47.534965,-22.39280949999994],[-47.535,-22.392983],[-47.534941,-22.393235],[-47.534559,-22.393881],[-47.534534,-22.394331],[-47.535135,-22.394209],[-47.53583269999996,-22.393938799999944],[-47.536967,-22.39362619999997],[-47.537577899999974,-22.393456799999967],[-47.53809549999994,-22.393235699999934],[-47.53854259999997,-22.392994599999952],[-47.53891749999997,-22.392686699999956],[-47.53911019999998,-22.392487899999935],[-47.539314599999955,-22.392309199999943],[-47.53951019999994,-22.39218619999997],[-47.539689899999985,-22.392037199999947],[-47.539928499999974,-22.39179],[-47.540425099999936,-22.391376],[-47.540796099999966,-22.391057699999976],[-47.54122309999997,-22.39071739999997],[-47.54146,-22.390490799999952],[-47.54165389999997,-22.390251699999965],[-47.54191129999998,-22.389994299999955],[-47.542315,-22.389453],[-47.542508,-22.389234],[-47.54268669999993,-22.388918599999954],[-47.542795299999966,-22.388705],[-47.542814,-22.388668399999972],[-47.54287549999998,-22.388603899999964],[-47.54296889999995,-22.388517899999954],[-47.543047,-22.38843309999993],[-47.54309109999997,-22.388350299999956],[-47.543168299999934,-22.38831],[-47.543273599999964,-22.388309299999946],[-47.543406,-22.38828159999997],[-47.54352949999998,-22.388227299999983],[-47.543674399999986,-22.38812249999995],[-47.54380039999995,-22.387999299999933],[-47.543799899999954,-22.38788569999997],[-47.543744699999934,-22.38777639999995],[-47.54372969999997,-22.387685699999963],[-47.54371219999996,-22.387590599999953],[-47.54375749999997,-22.38751259999998],[-47.54388419999998,-22.387402899999927],[-47.544014499999946,-22.387203099999965],[-47.54411349999998,-22.387025799999947],[-47.544137,-22.386993],[-47.54452479999998,-22.387215599999934],[-47.54473019999995,-22.38721789999994],[-47.544857399999955,-22.38722809999996],[-47.545032599999956,-22.387248099999965],[-47.54552619999998,-22.387323099999946],[-47.54614379999998,-22.387417],[-47.54654819999996,-22.387478399999964],[-47.54661459999994,-22.38748759999993],[-47.547099,-22.38756209999997],[-47.54721909999995,-22.387580299999968],[-47.54757529999995,-22.387634499999933],[-47.54809179999995,-22.387702799999943],[-47.54860439999993,-22.38777049999993],[-47.549116699999956,-22.387838199999976],[-47.54954209999994,-22.387894399999936],[-47.550008899999966,-22.387958199999957],[-47.54986519999994,-22.387470599999972],[-47.549622399999976,-22.386688],[-47.54938359999994,-22.385903],[-47.54928589999997,-22.385581799999954],[-47.54915779999993,-22.385588499999983],[-47.549071,-22.38558729999994],[-47.548986199999945,-22.385581899999977],[-47.54868359999995,-22.385531],[-47.548644499999966,-22.385481399999946],[-47.54863039999998,-22.385469799999953],[-47.54831409999997,-22.385071799999935],[-47.549078099999974,-22.384573],[-47.54984319999994,-22.38402629999996],[-47.550409499999944,-22.383640399999933],[-47.550442799999985,-22.38361709999998],[-47.550451399999986,-22.38361119999996],[-47.54924509999995,-22.382424399999934],[-47.548932099999945,-22.382105299999978],[-47.54864369999996,-22.38183239999995],[-47.54849019999995,-22.381683599999974],[-47.548166099999946,-22.381396],[-47.54792159999994,-22.381204399999945],[-47.547353499999986,-22.380779299999972],[-47.547261,-22.38070849999997],[-47.54674249999994,-22.38028019999996]]]}},{"type":"Feature","properties":{"bairro":"Consolação","casos":4,"idade_media":56.8,"custo_total":10952.47,"anos":"['2021' '2023']","total_ceps":3,"lat":-22.409400774999998,"lon":-47.5642869},"geometry":{"type":"Polygon","coordinates":[[[-47.56998219999997,-22.43497739999998],[-47.56999049999996,-22.43496659999994],[-47.57001119999995,-22.43492809999998],[-47.570030799999984,-22.43488979999995],[-47.571690399999966,-22.431653899999958],[-47.57432659999995,-22.426460599999928],[-47.57434489999997,-22.42642459999996],[-47.574364,-22.426387099999943],[-47.57697719999993,-22.42127039999997],[-47.57774009999997,-22.419776399999932],[-47.57747969999997,-22.419662899999935],[-47.57732509999994,-22.41959769999994],[-47.577288599999974,-22.419582299999945],[-47.577251399999966,-22.419561699999974],[-47.577179299999955,-22.41952189999995],[-47.577064,-22.419455099999936],[-47.57698149999993,-22.419388],[-47.57694969999994,-22.419362099999944],[-47.57692089999995,-22.419335099999955],[-47.57674659999998,-22.419146199999943],[-47.576101,-22.41853649999996],[-47.57579419999996,-22.418225],[-47.57548069999996,-22.417883699999948],[-47.575292899999965,-22.417703],[-47.57526389999998,-22.417673899999954],[-47.575236,-22.417646399999967],[-47.57509479999993,-22.417507199999932],[-47.57491459999994,-22.417315299999927],[-47.57488749999993,-22.41728439999997],[-47.574861399999975,-22.417253899999935],[-47.57480849999996,-22.417192],[-47.57464809999993,-22.417031],[-47.57386329999997,-22.416425599999968],[-47.57383189999996,-22.41640129999996],[-47.57379989999998,-22.416376399999933],[-47.57227029999996,-22.41519089999997],[-47.571678599999984,-22.414728599999933],[-47.57048669999995,-22.41403239999994],[-47.57032589999994,-22.413922799999966],[-47.570081699999946,-22.413728799999944],[-47.570051399999954,-22.413702099999966],[-47.570024399999966,-22.413677099999973],[-47.56998169999997,-22.41363769999998],[-47.569884599999966,-22.41353309999994],[-47.569875399999944,-22.413552599999946],[-47.569858899999986,-22.413591699999927],[-47.569835,-22.413628],[-47.56981259999998,-22.413697399999933],[-47.56979639999997,-22.41373429999993],[-47.569780299999934,-22.413770899999975],[-47.56977089999998,-22.413792399999977],[-47.569699699999944,-22.413982399999952],[-47.569346,-22.414873299999954],[-47.56902739999998,-22.41565129999998],[-47.569011899999964,-22.415689199999974],[-47.56896939999996,-22.415674899999942],[-47.56805809999997,-22.415385399999934],[-47.56715649999995,-22.415092],[-47.566224499999976,-22.41478879999994],[-47.565862299999935,-22.41563],[-47.565507199999956,-22.416454699999974],[-47.56461249999995,-22.41615859999996],[-47.564255199999934,-22.417008599999974],[-47.563904599999944,-22.417838],[-47.563550599999985,-22.41867],[-47.56320219999998,-22.419488899999976],[-47.56297139999998,-22.420028599999966],[-47.562947399999985,-22.420087899999942],[-47.562910199999976,-22.420073899999977],[-47.56211369999994,-22.41977449999996],[-47.562061,-22.41975469999994],[-47.562036699999965,-22.41981069999997],[-47.561930899999936,-22.420088],[-47.561559,-22.42092139999994],[-47.561213899999984,-22.42174689999996],[-47.56086439999996,-22.422576799999945],[-47.560788499999944,-22.42277189999993],[-47.56062369999995,-22.423184],[-47.560606,-22.42321849999996],[-47.56057919999995,-22.42326369999995],[-47.56055479999998,-22.42329469999993],[-47.560528,-22.42336849999998],[-47.56045689999996,-22.42353939999998],[-47.56052219999998,-22.423595699999964],[-47.56059,-22.423644],[-47.560653499999944,-22.423696],[-47.56075539999995,-22.423802499999965],[-47.56086369999997,-22.423929899999962],[-47.56092549999994,-22.424005799999975],[-47.56111159999995,-22.424160599999936],[-47.56122639999995,-22.424314],[-47.562624599999936,-22.426012699999944],[-47.563571499999966,-22.427173099999948],[-47.56374429999994,-22.427378399999952],[-47.56376949999998,-22.427409499999953],[-47.56379629999998,-22.427440199999978],[-47.56405049999995,-22.427742399999943],[-47.56427889999998,-22.428025799999944],[-47.564304,-22.428057],[-47.56432909999995,-22.428088199999934],[-47.564460199999985,-22.428251],[-47.56534419999997,-22.429362],[-47.56599859999994,-22.430132699999945],[-47.56615769999996,-22.43032539999996],[-47.56632029999997,-22.430526099999952],[-47.566344399999934,-22.43055819999995],[-47.566369,-22.430589899999973],[-47.56654629999997,-22.430818],[-47.56632949999994,-22.430979499999978],[-47.56629739999994,-22.431003399999952],[-47.56622439999995,-22.431057799999962],[-47.56573089999995,-22.431428],[-47.565664599999934,-22.431469899999968],[-47.56562269999995,-22.43149089999997],[-47.56557589999994,-22.431503199999952],[-47.565515,-22.431507299999964],[-47.56520409999996,-22.43146719999993],[-47.565165399999955,-22.431464699999935],[-47.56513049999995,-22.431468],[-47.56507819999996,-22.431488299999955],[-47.56391619999994,-22.43231069999996],[-47.56384259999993,-22.43236449999995],[-47.563806099999965,-22.432406399999934],[-47.56378669999998,-22.43245859999996],[-47.56378369999993,-22.43252149999995],[-47.56378689999997,-22.432583299999976],[-47.56379289999995,-22.432640899999967],[-47.56385059999997,-22.432853399999942],[-47.564012599999955,-22.43343169999997],[-47.564197899999954,-22.434250799999973],[-47.564432299999964,-22.435132599999974],[-47.56464219999998,-22.435965599999975],[-47.56481149999996,-22.43676069999998],[-47.564931599999966,-22.437486499999977],[-47.564967499999966,-22.437639299999944],[-47.564913399999966,-22.43769649999996],[-47.56488879999995,-22.437734599999942],[-47.56487809999993,-22.437769299999957],[-47.564973,-22.438347499999963],[-47.56501449999996,-22.43854779999998],[-47.56504929999994,-22.43873629999996],[-47.56507669999996,-22.438783299999955],[-47.56511189999998,-22.438862],[-47.565123899999946,-22.43890179999994],[-47.56513609999996,-22.43894039999998],[-47.56524719999993,-22.439430399999935],[-47.56525579999993,-22.43947079999998],[-47.56526319999995,-22.439513699999964],[-47.56527739999996,-22.43960629999998],[-47.565279,-22.439632],[-47.565279,-22.43964879999993],[-47.565277299999934,-22.439669299999935],[-47.56527059999996,-22.439698299999975],[-47.565258,-22.43973559999995],[-47.56525179999994,-22.43974979999996],[-47.565058499999964,-22.440128399999935],[-47.565036599999985,-22.44017219999995],[-47.56504649999994,-22.440187099999946],[-47.565056,-22.440213299999982],[-47.56506329999996,-22.440241899999933],[-47.565078899999946,-22.440333099999975],[-47.56507879999998,-22.44035779999996],[-47.565117199999975,-22.440386799999942],[-47.56552979999998,-22.44084609999993],[-47.56555289999994,-22.440872699999943],[-47.565561299999956,-22.440882199999976],[-47.565600899999936,-22.44091489999994],[-47.56599539999996,-22.441241699999978],[-47.56603179999996,-22.44127179999998],[-47.56606229999994,-22.441297],[-47.566124799999955,-22.44134889999998],[-47.566605799999934,-22.440677799999946],[-47.567238299999985,-22.43974849999995],[-47.568254699999954,-22.438130199999932],[-47.568782099999964,-22.43725],[-47.56941049999995,-22.436108399999966],[-47.56993629999994,-22.435072699999978],[-47.569956599999955,-22.435035899999946],[-47.569975899999974,-22.434994699999947],[-47.56998219999997,-22.43497739999998]]]}},{"type":"Feature","properties":{"bairro":"Distrito Industrial","casos":1,"idade_media":48.0,"custo_total":3653.63,"anos":["2025"],"total_ceps":1,"lat":-22.41139,"lon":-47.56139},"geometry":{"type":"Polygon","coordinates":[[[-47.564881499999956,-22.333619899999974],[-47.56477589999997,-22.333426],[-47.56462469999997,-22.33330019999994],[-47.56456,-22.333217399999967],[-47.564507299999946,-22.33311159999994],[-47.564394499999935,-22.332935299999974],[-47.56427269999995,-22.33273349999996],[-47.56423639999997,-22.332609599999955],[-47.564229799999964,-22.332511199999942],[-47.564244299999984,-22.33242569999993],[-47.56429939999998,-22.332343299999934],[-47.56442369999996,-22.332307399999934],[-47.56455969999996,-22.33224249999995],[-47.564696699999956,-22.332169199999953],[-47.564846,-22.33214259999994],[-47.564954899999975,-22.332124799999974],[-47.56502779999994,-22.332087],[-47.56503309999994,-22.332035099999928],[-47.56504479999995,-22.33195779999994],[-47.56501209999993,-22.33189619999996],[-47.56492719999994,-22.33183729999996],[-47.56469969999995,-22.331709799999942],[-47.564589799999965,-22.331596699999977],[-47.56448409999996,-22.33150749999993],[-47.564371,-22.331460799999945],[-47.564263,-22.331447399999945],[-47.56412279999995,-22.331490199999962],[-47.56393209999993,-22.331626599999936],[-47.563805299999956,-22.331760799999927],[-47.563720399999966,-22.331828],[-47.56360159999997,-22.33188869999998],[-47.56342829999994,-22.331975299999954],[-47.56337079999997,-22.332073],[-47.56327719999996,-22.332173299999965],[-47.56318619999996,-22.332213099999933],[-47.56312669999994,-22.332216199999948],[-47.563076199999955,-22.332218799999964],[-47.562983799999984,-22.332192799999973],[-47.56287889999993,-22.332134399999973],[-47.56279039999998,-22.33205309999994],[-47.56267139999994,-22.331993499999953],[-47.56252509999996,-22.331955799999946],[-47.562414099999955,-22.331975399999976],[-47.56227659999996,-22.332031299999983],[-47.56216869999997,-22.332071],[-47.56209919999998,-22.332070099999953],[-47.56203839999995,-22.33200729999993],[-47.562018499999965,-22.331958],[-47.562013099999945,-22.331916499999977],[-47.56205569999997,-22.331816199999935],[-47.56209839999997,-22.331700499999954],[-47.56212139999997,-22.331598699999972],[-47.56209979999994,-22.33149179999998],[-47.562091099999975,-22.331405399999937],[-47.562127799999985,-22.33132969999997],[-47.56224679999997,-22.331225],[-47.562359,-22.33111969999993],[-47.562419199999965,-22.331040299999927],[-47.562428599999976,-22.330951599999935],[-47.56240349999996,-22.330870699999934],[-47.562220399999944,-22.330746699999963],[-47.56214259999996,-22.330719599999952],[-47.562053799999944,-22.330711899999983],[-47.56198329999995,-22.330766599999947],[-47.56186289999994,-22.330937399999982],[-47.56177259999998,-22.331073599999968],[-47.56168169999995,-22.33111779999996],[-47.561509899999976,-22.331101699999977],[-47.56128649999994,-22.33108249999998],[-47.56121979999995,-22.33107289999998],[-47.56115319999998,-22.331063299999983],[-47.56113209999995,-22.331036499999982],[-47.561111799999935,-22.330966599999954],[-47.56115219999998,-22.330813099999943],[-47.56119149999995,-22.33080629999995],[-47.561334099999954,-22.330797299999972],[-47.56150149999996,-22.330846399999928],[-47.561599899999976,-22.330813699999965],[-47.561677799999984,-22.330757699999936],[-47.56175779999995,-22.330641199999945],[-47.561828,-22.33053529999995],[-47.561824799999954,-22.330389099999934],[-47.56179989999998,-22.33024649999993],[-47.56173549999994,-22.330157],[-47.561669,-22.33016139999995],[-47.561598799999956,-22.33023529999997],[-47.56152,-22.330335099999957],[-47.56142959999994,-22.33038769999996],[-47.561329,-22.33042869999997],[-47.561233399999935,-22.330427],[-47.561163299999976,-22.330365],[-47.561131699999976,-22.33028349999995],[-47.56115369999998,-22.330213899999933],[-47.561212,-22.330122399999937],[-47.56128169999994,-22.329991399999983],[-47.561289699999975,-22.329907899999967],[-47.561237,-22.32981689999997],[-47.561090699999966,-22.329660399999966],[-47.560833799999955,-22.329451199999937],[-47.56076969999998,-22.32939149999993],[-47.56073319999996,-22.32931389999993],[-47.56071609999998,-22.329217299999982],[-47.560724,-22.329132499999957],[-47.56081739999996,-22.329032299999938],[-47.560982,-22.32888449999996],[-47.56110689999997,-22.328747],[-47.561216,-22.328581399999962],[-47.56128419999993,-22.328470599999946],[-47.56128849999993,-22.32838179999993],[-47.56123739999998,-22.32830189999993],[-47.56110019999994,-22.32819109999997],[-47.56100449999997,-22.328065],[-47.56096229999997,-22.327946899999972],[-47.56091309999994,-22.32778469999994],[-47.560861399999965,-22.327683599999943],[-47.56076,-22.32755089999995],[-47.56067449999995,-22.327447099999972],[-47.56063569999998,-22.327335],[-47.56063139999998,-22.327197199999944],[-47.560645499999964,-22.326953599999968],[-47.56070409999995,-22.326781],[-47.560787699999935,-22.326585199999954],[-47.56084359999994,-22.32645309999998],[-47.56084709999993,-22.326364699999942],[-47.56080529999997,-22.326279],[-47.560680299999945,-22.326176499999974],[-47.560549,-22.32614659999996],[-47.56042639999998,-22.326189299999953],[-47.56033419999994,-22.326278499999944],[-47.56027259999996,-22.326395599999955],[-47.560212,-22.32663649999995],[-47.56018839999996,-22.326774499999942],[-47.56013569999993,-22.326845399999968],[-47.56004559999997,-22.32687539999995],[-47.55991019999993,-22.32686149999995],[-47.55982679999994,-22.326786699999957],[-47.559795399999985,-22.32663139999994],[-47.55983089999995,-22.32650669999998],[-47.559875499999976,-22.32632039999993],[-47.559874099999945,-22.326201199999957],[-47.55983279999998,-22.32607009999998],[-47.55975489999997,-22.32597039999996],[-47.55962619999997,-22.325866],[-47.55952449999995,-22.325812499999927],[-47.55941909999996,-22.325815099999943],[-47.559343199999944,-22.325844399999937],[-47.55930489999997,-22.32594279999995],[-47.559252,-22.326085899999953],[-47.559155299999986,-22.326194099999952],[-47.55905339999998,-22.326241399999958],[-47.558937399999934,-22.326242199999967],[-47.55885579999995,-22.326191],[-47.55882859999997,-22.326093299999968],[-47.55882029999998,-22.325946199999976],[-47.55885049999995,-22.325761299999954],[-47.55888919999995,-22.325588799999935],[-47.55891779999996,-22.325362],[-47.558981,-22.325253799999928],[-47.559033599999964,-22.325109099999963],[-47.55902249999997,-22.32499409999997],[-47.55898259999998,-22.324868899999956],[-47.558896499999946,-22.324782699999957],[-47.558757199999945,-22.324668499999973],[-47.558632099999954,-22.324561],[-47.55855429999997,-22.324444299999982],[-47.55852269999997,-22.324322],[-47.558483699999954,-22.324164399999972],[-47.55841549999997,-22.32400819999998],[-47.55835079999997,-22.32390959999998],[-47.55829309999996,-22.323762099999954],[-47.558267299999955,-22.323660599999982],[-47.55830479999997,-22.323563],[-47.558383799999945,-22.32346689999997],[-47.55862579999996,-22.32338079999994],[-47.55882789999998,-22.323329799999954],[-47.558969099999956,-22.323350699999935],[-47.559135599999934,-22.323396899999977],[-47.55926059999996,-22.32343789999993],[-47.55935409999995,-22.323406499999976],[-47.55939509999996,-22.323318899999947],[-47.55942659999994,-22.32323059999993],[-47.55947659999998,-22.323099799999966],[-47.559571,-22.32301179999996],[-47.55978939999994,-22.32291829999997],[-47.56005529999993,-22.32277],[-47.560328399999946,-22.32261879999993],[-47.56041769999996,-22.322525799999937],[-47.56045249999994,-22.32241719999996],[-47.560427699999934,-22.322326499999974],[-47.560362699999985,-22.322226199999932],[-47.56027329999995,-22.322165],[-47.56013079999997,-22.32211579999995],[-47.56004969999998,-22.322090599999967],[-47.559969499999966,-22.32204],[-47.54595789999996,-22.32681409999998],[-47.54589249999998,-22.326836399999934],[-47.545857,-22.326873099999943],[-47.544422699999984,-22.327274399999965],[-47.544384099999945,-22.327285399999937],[-47.54434489999994,-22.327296099999955],[-47.54411339999996,-22.327360899999974],[-47.54407359999993,-22.32736449999993],[-47.54403359999998,-22.32736719999997],[-47.540858499999956,-22.32731179999996],[-47.54085539999994,-22.327904],[-47.540682199999935,-22.32887119999998],[-47.540182899999934,-22.33020659999994],[-47.54014149999995,-22.330652099999952],[-47.54004919999994,-22.330934199999945],[-47.539917499999945,-22.33123349999994],[-47.53976329999995,-22.331448499999965],[-47.539634199999966,-22.331676499999958],[-47.53962249999995,-22.331858299999965],[-47.53954609999994,-22.332029099999943],[-47.53933329999995,-22.332313899999974],[-47.53890489999998,-22.332814499999927],[-47.538662,-22.33307919999993],[-47.538626,-22.333230799999967],[-47.538624099999936,-22.33344589999996],[-47.53856529999996,-22.33372559999998],[-47.53852959999995,-22.333906299999967],[-47.53855459999994,-22.334121399999958],[-47.538601,-22.33441819999996],[-47.53863789999997,-22.334693499999958],[-47.53875029999995,-22.335042],[-47.53893229999994,-22.33546149999995],[-47.539162199999964,-22.33574559999994],[-47.53924,-22.335964699999977],[-47.53935029999997,-22.336387],[-47.53944429999996,-22.336747799999955],[-47.539484,-22.337126099999978],[-47.53956139999997,-22.337505199999953],[-47.53956619999997,-22.337545099999943],[-47.539567499999976,-22.337585099999956],[-47.53960729999994,-22.33801139999997],[-47.53970719999995,-22.33820039999995],[-47.539738899999975,-22.338398499999983],[-47.539844,-22.338826299999937],[-47.53990569999996,-22.339190299999927],[-47.540016099999946,-22.339654],[-47.54027209999998,-22.340021299999933],[-47.54029219999995,-22.340195299999948],[-47.540297099999975,-22.340237299999956],[-47.540301899999974,-22.34027919999994],[-47.540310499999975,-22.34035339999997],[-47.54033909999998,-22.340671399999962],[-47.540477,-22.341083499999968],[-47.540558499999975,-22.341336099999978],[-47.54053079999994,-22.341534799999977],[-47.540467399999955,-22.34180319999996],[-47.54053819999996,-22.34201349999995],[-47.54065589999993,-22.342230299999983],[-47.54082489999996,-22.342482099999927],[-47.541065,-22.34266059999993],[-47.54119749999995,-22.342782399999976],[-47.54131849999993,-22.342955399999937],[-47.54136779999993,-22.34310759999994],[-47.54130709999998,-22.343276299999957],[-47.54126759999997,-22.343564],[-47.54125979999998,-22.34382809999994],[-47.54125789999995,-22.344096899999954],[-47.54119959999997,-22.344248899999968],[-47.54109029999995,-22.344374099999982],[-47.541085599999974,-22.344542],[-47.54105079999994,-22.34477229999993],[-47.54104939999996,-22.345017],[-47.54099489999993,-22.34509479999997],[-47.540962899999954,-22.345253199999945],[-47.54078869999995,-22.345616],[-47.54065319999995,-22.345944799999927],[-47.54043439999998,-22.34626609999998],[-47.540131,-22.34681009999997],[-47.539938,-22.347155],[-47.539688199999944,-22.347585699999968],[-47.53939249999996,-22.348117699999932],[-47.539302299999974,-22.34833569999995],[-47.539243899999974,-22.348498099999972],[-47.539230299999986,-22.348539],[-47.539214699999945,-22.348580699999957],[-47.53916239999995,-22.348725299999955],[-47.53904769999997,-22.34885079999998],[-47.53890769999998,-22.348979699999973],[-47.53887809999998,-22.349218],[-47.538752399999964,-22.349462199999948],[-47.53852919999997,-22.349716099999966],[-47.538392399999964,-22.35002389999994],[-47.53822909999997,-22.350280599999962],[-47.53807189999998,-22.35059],[-47.53802639999998,-22.35092149999997],[-47.53790649999996,-22.351261799999975],[-47.537792199999956,-22.351550499999973],[-47.537660899999935,-22.35188979999998],[-47.53756539999995,-22.352028099999927],[-47.53745559999993,-22.352290599999947],[-47.537405399999955,-22.352543199999957],[-47.53739919999998,-22.352583299999935],[-47.53738969999995,-22.352623499999936],[-47.53735219999993,-22.35283449999997],[-47.537447499999985,-22.352989599999944],[-47.537508799999955,-22.353157499999952],[-47.537491099999954,-22.353368099999955],[-47.537477499999966,-22.35371639999994],[-47.53748159999998,-22.353951799999948],[-47.53742649999998,-22.354253299999982],[-47.537419599999964,-22.354549899999938],[-47.53741279999997,-22.354808299999945],[-47.537418799999955,-22.355096599999968],[-47.537383499999976,-22.35539769999997],[-47.53731019999998,-22.355629799999974],[-47.53723729999996,-22.355870899999957],[-47.53718989999993,-22.35617639999998],[-47.53725019999996,-22.35637],[-47.53729529999998,-22.356564],[-47.53737179999996,-22.356731399999944],[-47.537354799999946,-22.35687669999993],[-47.53738419999996,-22.356958499999962],[-47.53739939999997,-22.35704039999996],[-47.53738539999995,-22.357116099999928],[-47.537377,-22.35716119999995],[-47.53737989999996,-22.357202599999937],[-47.53739349999995,-22.35739639999997],[-47.537443199999984,-22.357505199999935],[-47.53751049999994,-22.357631399999946],[-47.53759869999993,-22.357819099999972],[-47.537652899999955,-22.357963],[-47.53770829999996,-22.358112199999937],[-47.537761099999955,-22.35823019999998],[-47.53783439999995,-22.358311499999957],[-47.53786469999994,-22.358345],[-47.537888099999975,-22.358380299999965],[-47.53798379999995,-22.358524699999975],[-47.53802239999993,-22.358710199999962],[-47.538014,-22.358812099999966],[-47.537994,-22.358885],[-47.537927399999944,-22.35895869999996],[-47.53790249999997,-22.359041499999933],[-47.53792629999998,-22.35913469999997],[-47.53795669999994,-22.35924609999995],[-47.537967599999945,-22.35939179999997],[-47.537974,-22.359526],[-47.537973,-22.359682799999973],[-47.53798089999998,-22.359858],[-47.537997099999984,-22.359924099999944],[-47.538037,-22.36002439999993],[-47.53805289999997,-22.360084599999936],[-47.538050099999964,-22.360144299999945],[-47.53806359999993,-22.36020389999993],[-47.53811159999998,-22.36029929999995],[-47.538109,-22.36036869999998],[-47.53805619999997,-22.360469199999955],[-47.538029,-22.360560799999973],[-47.53803019999998,-22.360651599999983],[-47.538085799999976,-22.360725299999956],[-47.53815039999995,-22.36079019999994],[-47.53816359999996,-22.36088369999993],[-47.53813949999994,-22.360966899999937],[-47.538085199999955,-22.361045199999978],[-47.538054399999965,-22.361109099999965],[-47.53807539999997,-22.36115289999998],[-47.538113399999986,-22.361207599999943],[-47.53820379999996,-22.361265799999956],[-47.538328,-22.361318],[-47.53838479999996,-22.361408],[-47.53843329999995,-22.361544099999946],[-47.53847179999997,-22.361675099999957],[-47.538513499999965,-22.361814699999968],[-47.538543499999946,-22.36195589999994],[-47.538588499999946,-22.362127399999963],[-47.53862749999996,-22.36224089999996],[-47.53865059999998,-22.362378099999944],[-47.53864649999997,-22.362526899999978],[-47.538602099999935,-22.362676699999952],[-47.53853989999993,-22.362873699999966],[-47.538455699999986,-22.36324689999998],[-47.538437199999976,-22.363405299999954],[-47.53843779999994,-22.363555599999927],[-47.53844479999998,-22.363639599999942],[-47.53842439999994,-22.363699899999972],[-47.538350899999955,-22.363815699999975],[-47.53833019999996,-22.363982],[-47.53835129999993,-22.36415119999998],[-47.53838369999994,-22.364312299999938],[-47.53841269999998,-22.364422299999944],[-47.53886389999997,-22.364471899999955],[-47.538932,-22.36450089999994],[-47.53897869999997,-22.364556499999935],[-47.53905219999996,-22.36471709999995],[-47.53911859999994,-22.36485269999997],[-47.539189799999974,-22.364946],[-47.53936519999996,-22.365019],[-47.539584,-22.365106699999956],[-47.53978319999993,-22.36517249999997],[-47.540324699999985,-22.36527979999994],[-47.54052849999994,-22.36529769999993],[-47.540679799999964,-22.365294399999982],[-47.54086029999996,-22.365383599999973],[-47.54107839999995,-22.36546069999997],[-47.541250899999966,-22.36555439999995],[-47.541597199999956,-22.36584629999993],[-47.54205859999996,-22.366164899999944],[-47.542166099999974,-22.36634639999994],[-47.54235309999996,-22.366684],[-47.546385199999975,-22.365192399999955],[-47.54603039999995,-22.363631599999962],[-47.546815899999956,-22.363456199999973],[-47.54795059999998,-22.36461879999996],[-47.54795329999996,-22.364620899999977],[-47.54799889999998,-22.364612199999954],[-47.54856229999996,-22.364503599999978],[-47.548649499999954,-22.36449],[-47.54873729999997,-22.364469799999938],[-47.552369699999986,-22.363746299999946],[-47.55240889999993,-22.36373839999993],[-47.552531699999975,-22.363713899999937],[-47.55263709999997,-22.364155],[-47.55264649999998,-22.364194],[-47.55265579999997,-22.36423309999998],[-47.55350929999997,-22.367817899999977],[-47.55351839999997,-22.36785649999996],[-47.553528,-22.367896499999972],[-47.554304499999944,-22.371158799999932],[-47.554313699999966,-22.37119759999996],[-47.554323,-22.37123669999994],[-47.55484759999996,-22.373440199999948],[-47.55498879999993,-22.373466],[-47.55503179999994,-22.373473799999942],[-47.55507469999998,-22.373481699999957],[-47.559225099999935,-22.374239],[-47.559265799999935,-22.37424649999997],[-47.559272599999986,-22.374324899999976],[-47.55929,-22.374882799999966],[-47.559344099999976,-22.374881499999958],[-47.560282,-22.374962899999957],[-47.56041709999994,-22.374974599999973],[-47.56247319999994,-22.37517459999998],[-47.563507,-22.37527319999998],[-47.56356139999997,-22.37528489999994],[-47.56361029999994,-22.375306299999977],[-47.56364979999995,-22.37533439999993],[-47.56367179999995,-22.375369199999966],[-47.563679899999954,-22.375408899999968],[-47.56367609999995,-22.375458799999933],[-47.56361489999995,-22.37572119999993],[-47.56401509999995,-22.375836099999958],[-47.564381,-22.37515419999994],[-47.56454179999997,-22.374852],[-47.564688399999966,-22.37461179999997],[-47.564936699999976,-22.374250899999936],[-47.56609959999997,-22.37255659999994],[-47.56689589999996,-22.370505299999934],[-47.566981,-22.370317299999954],[-47.56714759999994,-22.369949899999938],[-47.56718059999997,-22.36988059999993],[-47.567262899999946,-22.369708199999934],[-47.56766969999995,-22.369126799999947],[-47.56814889999998,-22.36852319999997],[-47.56827089999996,-22.36839589999994],[-47.568372099999976,-22.368293199999982],[-47.56845459999994,-22.368204099999957],[-47.56869429999995,-22.36795109999997],[-47.56942309999994,-22.367234499999938],[-47.56967449999996,-22.365949899999976],[-47.56979669999998,-22.365326],[-47.57000789999995,-22.364247],[-47.57021089999995,-22.363220599999977],[-47.57022779999994,-22.36312279999993],[-47.57036059999996,-22.362352199999975],[-47.57040379999995,-22.36203869999997],[-47.570463899999936,-22.36150609999993],[-47.57051349999995,-22.36125679999998],[-47.570557399999984,-22.361105099999975],[-47.57060789999997,-22.360986399999945],[-47.57098109999998,-22.360232199999928],[-47.57102609999998,-22.360132299999975],[-47.571054699999934,-22.36001909999993],[-47.571060699999975,-22.359923699999968],[-47.57104459999994,-22.35983109999995],[-47.570959399999936,-22.35944159999997],[-47.57092609999995,-22.359261499999945],[-47.570858,-22.35880929999996],[-47.57086389999995,-22.358655399999975],[-47.570890599999984,-22.358517699999936],[-47.57101339999997,-22.358209199999976],[-47.57106049999993,-22.358071],[-47.571086899999955,-22.357906199999945],[-47.571086899999955,-22.357397799999944],[-47.57109239999994,-22.357255099999975],[-47.57110469999998,-22.35707919999993],[-47.571150099999954,-22.356898099999967],[-47.571284599999956,-22.35640989999996],[-47.57134549999995,-22.356173499999954],[-47.57134569999994,-22.356059699999946],[-47.57133609999994,-22.355954899999972],[-47.57130079999996,-22.355858799999965],[-47.571229,-22.355725199999938],[-47.57103939999996,-22.355430399999932],[-47.570962399999985,-22.355262299999936],[-47.57091719999994,-22.355115599999976],[-47.57083689999996,-22.354682099999934],[-47.57076839999996,-22.35439489999993],[-47.57064719999994,-22.353627899999935],[-47.57076609999996,-22.35316629999994],[-47.570722699999976,-22.353174399999943],[-47.57063989999995,-22.35318979999994],[-47.570433,-22.353147699999965],[-47.57027859999994,-22.35309989999996],[-47.57016859999993,-22.353044599999976],[-47.57015219999994,-22.35296219999998],[-47.57020049999994,-22.35287119999998],[-47.57032339999995,-22.352670699999976],[-47.57042649999994,-22.352546],[-47.57058559999996,-22.352376899999967],[-47.57084619999995,-22.352052499999957],[-47.570954599999936,-22.351883399999963],[-47.570956699999954,-22.351790499999936],[-47.57091339999994,-22.351614],[-47.57080909999996,-22.351326599999936],[-47.57071309999998,-22.351081499999964],[-47.57055059999993,-22.35076209999994],[-47.570383299999946,-22.35045809999997],[-47.570219,-22.350227],[-47.57003449999996,-22.35006029999994],[-47.569917299999986,-22.349976099999935],[-47.569809,-22.349935499999958],[-47.569695199999956,-22.34985389999997],[-47.56961839999997,-22.34973039999994],[-47.56946439999996,-22.349518],[-47.56940019999996,-22.34941539999994],[-47.569353,-22.34926669999993],[-47.569329299999936,-22.349076799999978],[-47.56933479999998,-22.348961],[-47.569395499999985,-22.34882079999994],[-47.56953219999997,-22.34863459999997],[-47.56965169999995,-22.348515],[-47.56972889999997,-22.34846559999994],[-47.569827,-22.348453],[-47.569980699999974,-22.348483],[-47.57009449999998,-22.348470599999928],[-47.570191,-22.348429099999976],[-47.57030339999994,-22.34833569999995],[-47.57043139999996,-22.34815619999995],[-47.57050359999994,-22.348015],[-47.57052909999993,-22.34784479999996],[-47.57055289999994,-22.347660599999983],[-47.57056639999996,-22.347531499999945],[-47.57055989999998,-22.34739589999998],[-47.570558,-22.34735489999997],[-47.57055789999998,-22.347315899999955],[-47.57054769999996,-22.34701039999993],[-47.57054369999997,-22.34683519999993],[-47.57053149999996,-22.34655129999993],[-47.57051039999993,-22.34623339999996],[-47.570513,-22.34614579999993],[-47.57054769999996,-22.346082399999943],[-47.57060689999997,-22.346036599999934],[-47.57069289999998,-22.346030199999973],[-47.570780199999945,-22.346065799999963],[-47.570930299999986,-22.34619209999994],[-47.571024499999965,-22.346236699999963],[-47.571105399999965,-22.34621809999993],[-47.571184,-22.346163199999978],[-47.571305,-22.345967799999983],[-47.571382899999946,-22.345789699999955],[-47.571406499999966,-22.345679099999927],[-47.57139049999995,-22.345609099999933],[-47.57131009999995,-22.345522],[-47.571161,-22.345425699999964],[-47.57100539999993,-22.345339899999942],[-47.570824699999946,-22.34524149999993],[-47.57078349999995,-22.345184399999937],[-47.57076269999993,-22.345121399999982],[-47.57077149999998,-22.345060299999943],[-47.57083339999997,-22.344947],[-47.570899,-22.344822799999974],[-47.57089709999997,-22.344740599999966],[-47.570847199999946,-22.34467909999995],[-47.57073929999996,-22.344643299999973],[-47.57049489999997,-22.344597199999953],[-47.57024739999997,-22.344562],[-47.570131499999945,-22.344494],[-47.57000469999997,-22.344376799999964],[-47.56988919999998,-22.34420769999997],[-47.569799,-22.344059699999946],[-47.569719099999986,-22.344020899999975],[-47.56963559999997,-22.34402149999994],[-47.56953219999997,-22.344119599999942],[-47.56946629999993,-22.34423359999994],[-47.56937409999995,-22.344336299999952],[-47.569274,-22.34439079999993],[-47.569192,-22.344375199999945],[-47.56913559999998,-22.34431969999997],[-47.569101599999954,-22.344245499999943],[-47.56912889999995,-22.34409359999995],[-47.56925149999995,-22.34389589999995],[-47.569308,-22.34376839999993],[-47.569313499999964,-22.343707199999983],[-47.569271699999945,-22.343617799999947],[-47.569159499999955,-22.34355709999994],[-47.568913899999984,-22.34347249999996],[-47.568708199999946,-22.343431599999974],[-47.568574799999965,-22.34343259999997],[-47.568447,-22.343469],[-47.56831939999995,-22.343499299999962],[-47.568258,-22.343479299999956],[-47.56824039999998,-22.343429499999957],[-47.56825719999995,-22.34334949999993],[-47.568329699999936,-22.34326679999998],[-47.56847279999994,-22.343183],[-47.56858669999997,-22.34309879999995],[-47.56863709999993,-22.34299089999996],[-47.56863729999998,-22.34288739999994],[-47.56869859999995,-22.34278409999996],[-47.568764399999964,-22.342674099999954],[-47.56876559999995,-22.342576399999928],[-47.56872939999994,-22.34251379999995],[-47.56865349999998,-22.342488],[-47.56854419999996,-22.34254169999997],[-47.56847769999996,-22.34267209999996],[-47.56839209999998,-22.342795099999933],[-47.56827539999995,-22.342884699999956],[-47.56818629999998,-22.342908699999953],[-47.568074,-22.34284539999993],[-47.56802909999993,-22.342727599999932],[-47.567987899999935,-22.342589799999928],[-47.567992,-22.34250359999993],[-47.568056499999955,-22.342401],[-47.568162,-22.342342499999972],[-47.56835339999998,-22.342300699999953],[-47.56853559999996,-22.342240299999958],[-47.56878839999996,-22.34211879999998],[-47.56893539999993,-22.342039599999964],[-47.56900029999997,-22.34194839999998],[-47.56902629999996,-22.341867499999978],[-47.56899979999997,-22.341767199999936],[-47.56896769999997,-22.34164359999994],[-47.56891929999995,-22.341447399999936],[-47.56888649999996,-22.34133429999997],[-47.568834299999935,-22.341265199999953],[-47.56872809999993,-22.341232],[-47.56861669999995,-22.34125359999996],[-47.56851779999994,-22.34134169999993],[-47.56843619999995,-22.341494299999965],[-47.56838949999997,-22.34158139999994],[-47.56831429999994,-22.34162129999993],[-47.56823919999994,-22.34163469999993],[-47.568160199999966,-22.341575699999964],[-47.56810359999997,-22.34149919999993],[-47.56807519999995,-22.34141859999994],[-47.56808149999995,-22.341330699999958],[-47.568169499999954,-22.341222899999934],[-47.56827119999997,-22.34113179999997],[-47.568321399999945,-22.341058],[-47.568334799999946,-22.34097289999994],[-47.56828839999997,-22.340893],[-47.568190699999946,-22.340779699999928],[-47.56807269999996,-22.340699899999947],[-47.567926299999954,-22.34062739999996],[-47.567870099999936,-22.340558199999975],[-47.567855099999974,-22.340487199999927],[-47.56785789999998,-22.340407599999935],[-47.56790689999997,-22.340331599999956],[-47.568001899999956,-22.34031479999993],[-47.56813009999996,-22.340305099999966],[-47.568292499999984,-22.340293799999927],[-47.568425599999955,-22.340256299999965],[-47.56849479999994,-22.340205699999956],[-47.568565,-22.340151899999967],[-47.56861449999997,-22.34006069999998],[-47.56862529999995,-22.339996199999973],[-47.56860519999998,-22.339930299999935],[-47.56854249999998,-22.33986909999993],[-47.56844019999994,-22.339806299999964],[-47.568215599999974,-22.33973229999998],[-47.56809069999997,-22.339675899999975],[-47.567996,-22.339583],[-47.567896,-22.339427299999954],[-47.567893099999935,-22.339270299999953],[-47.56785739999998,-22.339030199999968],[-47.567796,-22.338803199999973],[-47.567736099999934,-22.33858809999998],[-47.567647299999976,-22.33841739999997],[-47.56755309999994,-22.33831159999994],[-47.567414499999984,-22.338250099999982],[-47.567281299999934,-22.33823229999996],[-47.56718559999996,-22.33824649999997],[-47.56712829999998,-22.338286099999948],[-47.56712089999996,-22.338351699999976],[-47.56713389999993,-22.33843749999994],[-47.567191399999956,-22.33849669999995],[-47.56734559999995,-22.33853579999993],[-47.56742579999997,-22.338564799999972],[-47.56745979999994,-22.338603],[-47.567476399999975,-22.33866219999993],[-47.567454199999986,-22.33873449999993],[-47.56736749999993,-22.338781799999936],[-47.567167,-22.338783399999954],[-47.56704509999997,-22.338809199999957],[-47.56697839999998,-22.33887219999997],[-47.566943,-22.338973],[-47.56691609999996,-22.33910789999993],[-47.56689479999994,-22.33924879999995],[-47.56683579999998,-22.339335499999947],[-47.56673909999995,-22.33937389999994],[-47.566678499999966,-22.33935969999993],[-47.56663539999994,-22.339310199999943],[-47.566618,-22.339214899999945],[-47.566618699999935,-22.339035],[-47.56661019999996,-22.33887519999996],[-47.56656839999994,-22.33877149999995],[-47.56635979999993,-22.338576199999977],[-47.56621229999996,-22.338495799999976],[-47.56592359999996,-22.338403599999936],[-47.56579719999996,-22.338338199999953],[-47.56573729999997,-22.338257599999963],[-47.56573739999993,-22.33816669999993],[-47.565788699999985,-22.338094099999978],[-47.56588819999996,-22.338094299999966],[-47.56603309999997,-22.338120499999945],[-47.566194199999984,-22.33813079999993],[-47.5663,-22.33811019999996],[-47.56637639999997,-22.338040499999977],[-47.56644149999994,-22.337923799999942],[-47.56641749999994,-22.337842299999977],[-47.56631219999997,-22.33776219999993],[-47.56614879999995,-22.337667099999976],[-47.566038499999934,-22.337611899999956],[-47.565934,-22.337538],[-47.56588519999997,-22.337461599999983],[-47.565795899999955,-22.337231799999927],[-47.56575219999996,-22.33709879999998],[-47.56574169999993,-22.336968199999944],[-47.565769099999955,-22.336895399999946],[-47.56589229999997,-22.336801],[-47.56603919999998,-22.336678],[-47.566099099999974,-22.336567799999955],[-47.566114599999935,-22.336477],[-47.566035899999974,-22.33634429999995],[-47.56575259999994,-22.33595859999997],[-47.56557,-22.335734799999955],[-47.565194,-22.335341],[-47.565068199999985,-22.335270199999968],[-47.56494769999995,-22.335225799999932],[-47.564897299999984,-22.335159499999975],[-47.56490739999998,-22.33509159999994],[-47.56497989999997,-22.335015],[-47.56519069999996,-22.334923],[-47.565259399999945,-22.334824599999934],[-47.565287,-22.334704599999952],[-47.56523109999995,-22.334601],[-47.56503989999993,-22.334487899999942],[-47.564947,-22.334417299999927],[-47.56492989999998,-22.334366699999975],[-47.564938799999936,-22.334315199999935],[-47.565025899999966,-22.334264899999937],[-47.565198099999975,-22.33420239999998],[-47.56524539999998,-22.334144099999946],[-47.56527859999994,-22.334078399999953],[-47.565247099999965,-22.333985],[-47.56516769999996,-22.33392559999993],[-47.56504039999993,-22.333905899999934],[-47.56491109999996,-22.333933499999944],[-47.564742499999966,-22.33397229999997],[-47.56467189999995,-22.33393949999993],[-47.56466689999996,-22.333872199999973],[-47.56472329999997,-22.33379089999994],[-47.56484869999997,-22.333686599999965],[-47.564881499999956,-22.333619899999974]]]}},{"type":"Feature","properties":{"bairro":"Jardim Bela Vista","casos":4,"idade_media":64.8,"custo_total":9248.38,"anos":"['2021' '2022' '2024']","total_ceps":4,"lat":-22.41139,"lon":-47.56139},"geometry":{"type":"Polygon","coordinates":[[[-47.55161059999995,-22.405271],[-47.551625299999955,-22.40523419999994],[-47.55177589999994,-22.40485659999996],[-47.552013199999976,-22.40429809999995],[-47.55207969999998,-22.404136],[-47.55211319999995,-22.404044],[-47.55212689999996,-22.404006299999935],[-47.55214059999997,-22.40396869999995],[-47.55219269999998,-22.403825299999937],[-47.55235619999996,-22.40388059999998],[-47.55239469999998,-22.403893599999947],[-47.55284289999997,-22.40402439999997],[-47.55330569999995,-22.40416019999998],[-47.55377989999994,-22.404299299999934],[-47.554284,-22.40444709999997],[-47.55471719999997,-22.404574199999956],[-47.55526469999995,-22.40473479999997],[-47.555595,-22.404824099999928],[-47.556520199999966,-22.40508159999996],[-47.55646019999995,-22.403777899999966],[-47.55642439999997,-22.403142699999933],[-47.556411899999944,-22.402744199999972],[-47.55643139999995,-22.40250519999995],[-47.556502199999954,-22.401639899999964],[-47.556574,-22.400762399999962],[-47.55664539999998,-22.39988969999996],[-47.55668859999997,-22.39936119999993],[-47.55667729999993,-22.398986],[-47.55687519999998,-22.398982599999954],[-47.557226399999934,-22.39896269999997],[-47.55783269999995,-22.39892459999993],[-47.55787529999998,-22.39891289999997],[-47.55790379999996,-22.398891299999946],[-47.557920699999954,-22.39886009999998],[-47.55792239999994,-22.39881859999997],[-47.55791769999996,-22.398766099999932],[-47.557904399999984,-22.398703299999966],[-47.55763159999998,-22.39772449999998],[-47.556741399999964,-22.397885799999983],[-47.55577119999998,-22.398064399999953],[-47.55477309999998,-22.398002899999938],[-47.553775299999984,-22.39793409999993],[-47.55345579999994,-22.39790819999996],[-47.553202399999975,-22.397888799999976],[-47.55278469999996,-22.397867799999972],[-47.551789,-22.397801499999957],[-47.55079509999996,-22.39773539999993],[-47.54979579999997,-22.39766889999993],[-47.54878839999998,-22.397601899999927],[-47.54779359999998,-22.397535699999935],[-47.54677859999998,-22.397468199999935],[-47.545773699999984,-22.397401299999956],[-47.54569329999998,-22.397392799999977],[-47.544790699999965,-22.397335899999973],[-47.544753399999934,-22.398213299999952],[-47.544677099999944,-22.39907939999995],[-47.54460739999996,-22.399961299999973],[-47.54451609999995,-22.400783],[-47.544507099999976,-22.40086139999994],[-47.54443079999993,-22.401520699999935],[-47.54442629999994,-22.401560099999983],[-47.54099069999995,-22.40060649999998],[-47.53559859999996,-22.398885099999973],[-47.53548809999995,-22.39913009999998],[-47.53539889999996,-22.399319499999933],[-47.535326199999986,-22.399595099999942],[-47.53531,-22.399919599999976],[-47.535261299999945,-22.400245799999936],[-47.53519179999995,-22.40047889999994],[-47.535212799999954,-22.400614],[-47.53526969999996,-22.40068569999994],[-47.53536889999998,-22.40079],[-47.53552289999993,-22.40100739999997],[-47.535694099999944,-22.401163199999928],[-47.53584859999995,-22.401271599999973],[-47.53608079999998,-22.401404299999967],[-47.53636729999994,-22.40169579999997],[-47.53663809999995,-22.40188729999994],[-47.53684259999994,-22.40212219999995],[-47.53701259999997,-22.402362899999957],[-47.53707849999995,-22.402532699999938],[-47.537073299999975,-22.402751],[-47.537063699999976,-22.402980799999966],[-47.53700709999998,-22.403120399999978],[-47.536826,-22.403318399999932],[-47.53670779999993,-22.403494799999976],[-47.53653659999998,-22.403651399999944],[-47.53626409999998,-22.403868599999953],[-47.53591069999993,-22.404096099999947],[-47.535600699999975,-22.404280599999936],[-47.53541489999998,-22.404336799999953],[-47.53525019999995,-22.40441859999993],[-47.53516719999993,-22.404615],[-47.535097,-22.404767899999968],[-47.535076199999935,-22.40497849999997],[-47.53512839999996,-22.40503579999995],[-47.535256499999946,-22.405110899999954],[-47.53532549999994,-22.40518949999995],[-47.535430599999984,-22.40525309999998],[-47.53553859999994,-22.405261499999938],[-47.53563609999998,-22.405211],[-47.53579879999995,-22.405136599999935],[-47.53596479999993,-22.405106399999966],[-47.53618089999998,-22.40514969999998],[-47.536620099999936,-22.405280199999936],[-47.536857699999985,-22.40538239999995],[-47.536996199999976,-22.405402799999933],[-47.53714889999998,-22.405375899999967],[-47.537224299999934,-22.405342399999938],[-47.537297499999966,-22.405311599999948],[-47.537376,-22.40534889999998],[-47.53739329999996,-22.405413099999976],[-47.537382,-22.405491499999982],[-47.53725519999995,-22.40563489999994],[-47.537162799999976,-22.405792599999927],[-47.53714869999993,-22.405919899999958],[-47.53718339999995,-22.406026],[-47.53725879999996,-22.406084],[-47.537360699999965,-22.406120199999975],[-47.53748009999998,-22.406126599999936],[-47.53755869999998,-22.40619319999996],[-47.53758009999996,-22.40627079999996],[-47.53753369999998,-22.406337099999973],[-47.53743869999994,-22.406399199999953],[-47.53737539999997,-22.406389399999966],[-47.537343299999975,-22.406453099999965],[-47.537372,-22.40652129999995],[-47.53745569999995,-22.40658389999993],[-47.537594,-22.406631199999936],[-47.53769339999997,-22.40660809999997],[-47.537803,-22.406583199999943],[-47.537873599999955,-22.40662279999998],[-47.537892899999974,-22.406685599999946],[-47.537877599999945,-22.40678989999998],[-47.53790169999996,-22.40687349999996],[-47.53802349999995,-22.406942899999933],[-47.538199299999974,-22.406965],[-47.538435299999946,-22.40699429999995],[-47.53852519999998,-22.407034799999963],[-47.53868029999995,-22.407148199999938],[-47.53895509999995,-22.40732769999994],[-47.53913719999997,-22.40748969999993],[-47.53928319999994,-22.407658499999968],[-47.539485199999945,-22.40790549999997],[-47.539669799999956,-22.40802549999995],[-47.53973129999997,-22.408015899999953],[-47.539766499999985,-22.40797159999994],[-47.539801599999976,-22.40795079999998],[-47.539908099999934,-22.40799039999996],[-47.540018299999986,-22.40808119999997],[-47.540111499999966,-22.408207299999958],[-47.540144199999986,-22.408320799999956],[-47.54018169999995,-22.40847139999994],[-47.54027949999994,-22.408647799999983],[-47.54033769999995,-22.408768299999963],[-47.54032639999997,-22.408865],[-47.54027769999993,-22.408934899999963],[-47.540061399999956,-22.409110399999975],[-47.53988279999993,-22.40929639999996],[-47.539873,-22.409416299999975],[-47.53992419999997,-22.40972469999997],[-47.53990889999994,-22.409823],[-47.539803,-22.409921],[-47.539581399999975,-22.41009729999996],[-47.53941009999994,-22.410250599999927],[-47.53922669999997,-22.410377599999947],[-47.53909569999996,-22.41048539999997],[-47.538966,-22.4106],[-47.538892199999964,-22.410699699999952],[-47.53883779999995,-22.41080729999993],[-47.53883119999995,-22.410857299999975],[-47.54119129999998,-22.40949489999997],[-47.542412199999944,-22.408770799999957],[-47.54270029999998,-22.408599799999934],[-47.54280309999996,-22.408536199999958],[-47.54292479999998,-22.40847739999998],[-47.54311069999994,-22.408394199999975],[-47.543501,-22.40824249999997],[-47.54382889999994,-22.408114499999954],[-47.54421639999998,-22.40796839999996],[-47.54541519999998,-22.40753239999998],[-47.54643169999997,-22.40720129999994],[-47.54701869999997,-22.406997699999977],[-47.547515199999964,-22.40684669999996],[-47.54773259999996,-22.40678879999996],[-47.54791749999998,-22.406782],[-47.54853349999996,-22.406761699999947],[-47.550809699999945,-22.40672589999997],[-47.551126099999976,-22.406718499999954],[-47.551317,-22.40671629999997],[-47.55131449999993,-22.40667579999996],[-47.551306899999986,-22.40655709999993],[-47.551304399999935,-22.406517299999962],[-47.551302,-22.406477],[-47.551298,-22.40627939999996],[-47.551303,-22.40617979999996],[-47.55130729999996,-22.40613869999993],[-47.551321,-22.406063399999937],[-47.551339,-22.405986299999938],[-47.55137829999995,-22.405873799999938],[-47.55141759999998,-22.405771899999934],[-47.55159609999998,-22.405308699999978],[-47.55161059999995,-22.405271]]]}},{"type":"Feature","properties":{"bairro":"Jardim Centenário","casos":3,"idade_media":44.0,"custo_total":5396.96,"anos":"['2021' '2023']","total_ceps":2,"lat":-22.4149234,"lon":-47.57864866666667},"geometry":{"type":"Polygon","coordinates":[[[-47.58290789999995,-22.41938],[-47.58294829999994,-22.419388399999946],[-47.583067899999946,-22.419416599999977],[-47.58323119999994,-22.419453199999964],[-47.58326959999994,-22.419461799999965],[-47.58330909999995,-22.41947259999995],[-47.583498299999974,-22.419524399999943],[-47.58345419999995,-22.419695699999977],[-47.583444,-22.419735299999957],[-47.58339989999996,-22.419902299999933],[-47.583299899999986,-22.420274499999948],[-47.58390069999996,-22.42040549999996],[-47.58442709999997,-22.42052019999994],[-47.58452589999996,-22.420549],[-47.58486529999993,-22.420806599999935],[-47.584970099999964,-22.420888499999933],[-47.58513569999997,-22.420996199999934],[-47.585428899999954,-22.42118679999993],[-47.58553669999998,-22.42123779999997],[-47.58563669999995,-22.421284299999968],[-47.58575029999997,-22.42131379999995],[-47.58588519999995,-22.421335599999964],[-47.58601,-22.421341299999938],[-47.586123499999985,-22.421335299999953],[-47.586244,-22.421314199999927],[-47.586368799999946,-22.421267599999965],[-47.58648619999997,-22.42121389999994],[-47.58668449999993,-22.42112309999993],[-47.58806789999994,-22.420476899999983],[-47.588229,-22.420424099999934],[-47.58833409999994,-22.42040609999998],[-47.58842929999997,-22.42040869999994],[-47.58853129999994,-22.42042239999995],[-47.59036619999995,-22.420799199999976],[-47.59060119999998,-22.42083269999995],[-47.59101609999993,-22.42089939999994],[-47.591126,-22.420930099999964],[-47.59122019999995,-22.420972699999936],[-47.591825599999936,-22.42138549999993],[-47.59198459999993,-22.42148889999993],[-47.59313019999996,-22.42219819999997],[-47.59335839999994,-22.422312499999975],[-47.593592599999965,-22.422418299999947],[-47.59369309999994,-22.42247169999996],[-47.593777399999965,-22.422526199999936],[-47.59384309999996,-22.422597399999972],[-47.59392929999996,-22.42267879999997],[-47.59397279999996,-22.422664899999972],[-47.594171,-22.42260209999995],[-47.59450449999997,-22.42250139999993],[-47.594795499999975,-22.422401499999978],[-47.59511949999995,-22.42227269999995],[-47.595366199999944,-22.422121299999958],[-47.595512499999984,-22.421981099999982],[-47.59564169999993,-22.421789199999978],[-47.595736,-22.421560899999974],[-47.59577589999998,-22.42137359999998],[-47.59575209999997,-22.421130799999958],[-47.595657,-22.421010899999942],[-47.59543709999997,-22.420825399999956],[-47.595200499999976,-22.420619699999975],[-47.594970099999955,-22.420409199999938],[-47.594768199999976,-22.420168299999943],[-47.59467179999996,-22.420014299999934],[-47.59457579999997,-22.419789599999945],[-47.59444529999996,-22.419595899999933],[-47.59431979999994,-22.419448199999977],[-47.59410349999996,-22.419200799999942],[-47.593929799999955,-22.418978099999947],[-47.59382429999994,-22.41880539999994],[-47.59370689999997,-22.418541],[-47.59359569999998,-22.418202],[-47.59344619999996,-22.41782989999996],[-47.593330099999946,-22.41757279999996],[-47.593233,-22.41736979999996],[-47.59314539999997,-22.417192599999964],[-47.593018,-22.41674789999996],[-47.59303059999996,-22.416592299999934],[-47.59311279999997,-22.41644089999994],[-47.593294499999956,-22.416260499999964],[-47.59354289999993,-22.416015399999935],[-47.59382459999995,-22.415789099999927],[-47.594023,-22.415643599999953],[-47.594146499999965,-22.415602199999967],[-47.59427649999998,-22.415607199999954],[-47.59449019999994,-22.415648699999963],[-47.59475969999994,-22.415739299999927],[-47.59496009999998,-22.41584849999998],[-47.59514969999998,-22.41600459999995],[-47.595298,-22.41615859999996],[-47.59542,-22.416281199999958],[-47.59557579999995,-22.416387699999973],[-47.59571829999993,-22.41646149999997],[-47.59589079999995,-22.416477499999928],[-47.596028099999955,-22.41644709999997],[-47.596159899999975,-22.416344],[-47.596343299999944,-22.416095],[-47.596519599999965,-22.415868599999953],[-47.596734899999944,-22.415666399999964],[-47.59693059999995,-22.415486199999975],[-47.59700179999993,-22.415379799999982],[-47.59701049999995,-22.41530389999997],[-47.596959399999946,-22.41518119999995],[-47.59693059999995,-22.415048],[-47.59694039999994,-22.41496639999997],[-47.596978899999954,-22.414895199999933],[-47.59705879999996,-22.414844099999982],[-47.59718829999997,-22.414774299999976],[-47.59723189999994,-22.414736499999947],[-47.59726779999994,-22.414665799999966],[-47.59727659999993,-22.41456489999996],[-47.59729619999996,-22.414424199999928],[-47.59735389999997,-22.414357699999982],[-47.59754339999995,-22.414247299999943],[-47.59766059999998,-22.414168399999937],[-47.59773919999998,-22.414070299999935],[-47.597873799999945,-22.413845599999945],[-47.59798719999998,-22.41365479999996],[-47.59815669999995,-22.41340329999997],[-47.598271299999965,-22.41328479999993],[-47.59834019999994,-22.413252499999942],[-47.598478099999966,-22.413234],[-47.598573699999974,-22.41316469999998],[-47.59861519999998,-22.41307429999995],[-47.598622,-22.412928699999952],[-47.59862849999996,-22.412790899999948],[-47.598653499999955,-22.41261849999995],[-47.59871259999994,-22.412523499999963],[-47.598834899999986,-22.41242029999995],[-47.59899349999995,-22.412342799999976],[-47.59919689999998,-22.412332799999945],[-47.59937649999995,-22.412323399999934],[-47.59956479999994,-22.412296399999946],[-47.599690899999985,-22.41222],[-47.59975979999996,-22.41213239999996],[-47.59982329999997,-22.412009099999977],[-47.59984,-22.411871099999928],[-47.59982639999998,-22.411712699999953],[-47.599800699999946,-22.411629799999957],[-47.59973709999997,-22.411535399999934],[-47.599648,-22.41136],[-47.59960659999996,-22.411227199999928],[-47.59961679999998,-22.41104779999995],[-47.599618299999975,-22.410708599999964],[-47.599617,-22.410436199999936],[-47.59962109999998,-22.410289099999943],[-47.59960719999998,-22.41012859999995],[-47.59951719999998,-22.409972],[-47.599406699999975,-22.409829],[-47.599271499999986,-22.409655],[-47.59891849999997,-22.409206799999936],[-47.59872969999998,-22.409009599999933],[-47.598625599999934,-22.408924499999955],[-47.598515,-22.40885659999998],[-47.598417799999936,-22.40873069999998],[-47.59834529999995,-22.408630699999947],[-47.59827689999997,-22.408456899999976],[-47.598261,-22.408379099999934],[-47.59830169999998,-22.40831],[-47.59836089999993,-22.408296699999937],[-47.598474899999985,-22.40830109999996],[-47.59862429999998,-22.408280099999956],[-47.59870239999998,-22.408217599999944],[-47.59874579999996,-22.408099499999935],[-47.59873539999995,-22.407939399999975],[-47.59866189999997,-22.40779509999993],[-47.598511299999984,-22.407560399999966],[-47.598484,-22.40746059999998],[-47.59851729999997,-22.407342399999948],[-47.598634,-22.407245399999965],[-47.598816399999976,-22.40713029999995],[-47.59907229999993,-22.40699589999997],[-47.59922569999998,-22.406915899999944],[-47.59924939999996,-22.406833199999937],[-47.59923369999996,-22.40671569999995],[-47.599176399999976,-22.40657189999996],[-47.599064099999964,-22.406410499999936],[-47.598839099999964,-22.406163799999945],[-47.59863629999995,-22.40596],[-47.59847909999996,-22.405790399999944],[-47.598361799999964,-22.405646699999977],[-47.598224,-22.40550769999993],[-47.59811629999996,-22.40539149999995],[-47.59804,-22.405259299999955],[-47.598015799999985,-22.40515229999994],[-47.59802569999994,-22.405056599999966],[-47.59810739999995,-22.404966299999955],[-47.59813419999995,-22.40493669999995],[-47.598166299999946,-22.404911599999934],[-47.59820089999994,-22.40488469999997],[-47.59831929999996,-22.40482609999998],[-47.598492299999975,-22.404715099999976],[-47.59868949999998,-22.40458259999997],[-47.59891779999998,-22.404459299999928],[-47.59913629999994,-22.404336799999953],[-47.599344299999984,-22.404206899999963],[-47.599531199999944,-22.40406379999996],[-47.59965479999994,-22.403924599999982],[-47.59975179999998,-22.40376559999993],[-47.599816499999974,-22.40357119999993],[-47.59984029999998,-22.40336529999996],[-47.59986809999998,-22.403167],[-47.599907299999984,-22.403058399999964],[-47.60000069999995,-22.40296029999996],[-47.600196,-22.40277629999997],[-47.600347599999964,-22.402613199999962],[-47.60046669999997,-22.402449899999965],[-47.60054349999996,-22.402313799999945],[-47.600566399999934,-22.40215909999995],[-47.600559199999964,-22.40203429999997],[-47.60044009999996,-22.40188509999996],[-47.600269,-22.401728799999944],[-47.60008739999995,-22.40152429999995],[-47.59992029999995,-22.40130789999995],[-47.59976569999998,-22.401085799999976],[-47.599621799999966,-22.400930399999936],[-47.599471,-22.400805899999966],[-47.59924979999994,-22.400580399999967],[-47.59915709999996,-22.40045859999998],[-47.59911539999996,-22.400313799999935],[-47.59910409999998,-22.400160899999946],[-47.59912749999995,-22.39998479999997],[-47.59916009999995,-22.399812399999973],[-47.59921069999996,-22.399571599999945],[-47.599278399999946,-22.399300599999947],[-47.59935439999998,-22.399030299999936],[-47.59951239999998,-22.398717499999975],[-47.599644799999965,-22.398490399999957],[-47.59979,-22.39833],[-47.59995569999995,-22.398220699999968],[-47.600099,-22.398173199999974],[-47.600372799999946,-22.39810959999994],[-47.60061009999998,-22.398047],[-47.60090809999997,-22.397999699999957],[-47.60120279999995,-22.397931399999948],[-47.60149409999997,-22.39783189999997],[-47.60173279999998,-22.39775839999993],[-47.60189719999994,-22.39772329999994],[-47.60210439999997,-22.397701599999948],[-47.60246809999995,-22.397689],[-47.60272969999994,-22.39764779999996],[-47.60308279999998,-22.397574599999928],[-47.603270899999984,-22.39752429999993],[-47.603471499999955,-22.39747179999995],[-47.603682299999946,-22.39744049999996],[-47.60379709999995,-22.397408799999937],[-47.60383759999996,-22.397352],[-47.60383439999998,-22.397283],[-47.60376349999996,-22.397226899999964],[-47.60366369999997,-22.39716089999996],[-47.60356849999994,-22.397099599999933],[-47.60352459999996,-22.397023],[-47.60351379999997,-22.396942199999955],[-47.60355139999996,-22.396862899999974],[-47.60368719999997,-22.39676929999996],[-47.60386239999997,-22.39672809999996],[-47.604087499999935,-22.396690299999932],[-47.60422849999998,-22.396657799999957],[-47.60436779999998,-22.396547599999963],[-47.604435799999976,-22.396441399999958],[-47.604422099999965,-22.396307699999966],[-47.604362599999945,-22.396162499999946],[-47.60425369999996,-22.395929099999933],[-47.60416189999995,-22.395688899999982],[-47.60413209999996,-22.395582899999965],[-47.60412219999995,-22.395455099999936],[-47.60410749999994,-22.395314499999927],[-47.604103,-22.39527419999996],[-47.60409539999995,-22.395234699999946],[-47.604082,-22.395174099999963],[-47.60405829999996,-22.395056499999953],[-47.60409439999995,-22.394978099999946],[-47.60416859999998,-22.39490319999993],[-47.60429529999993,-22.394852699999944],[-47.60438659999994,-22.39479239999997],[-47.60448329999997,-22.394695199999944],[-47.60453719999998,-22.394611599999962],[-47.60453649999994,-22.394524199999978],[-47.60447349999998,-22.394291599999974],[-47.604460899999935,-22.39425339999997],[-47.604445399999975,-22.39421649999997],[-47.60440239999997,-22.394114399999978],[-47.604290299999946,-22.393944099999942],[-47.604149,-22.393789699999957],[-47.60400649999997,-22.393650599999944],[-47.60385269999995,-22.393504399999927],[-47.60366279999994,-22.393312099999946],[-47.603588799999955,-22.393191599999966],[-47.60356509999997,-22.393065899999954],[-47.60358329999997,-22.39295979999997],[-47.60365439999998,-22.392881599999953],[-47.60373019999997,-22.392813699999977],[-47.603785699999946,-22.392746],[-47.603791899999976,-22.392643799999973],[-47.603761,-22.39252749999997],[-47.60367809999997,-22.39241059999995],[-47.60361469999998,-22.39232579999998],[-47.60359289999997,-22.392227299999945],[-47.60358129999997,-22.39200079999995],[-47.60355009999995,-22.391844399999968],[-47.60343659999995,-22.39171559999994],[-47.603290399999935,-22.391665899999964],[-47.60311849999994,-22.391649899999948],[-47.60298089999998,-22.391686599999957],[-47.602883599999984,-22.39175359999996],[-47.60283019999997,-22.391848099999947],[-47.602797599999974,-22.392005799999936],[-47.602814,-22.392196799999965],[-47.60282639999997,-22.392356399999983],[-47.602775,-22.392475599999955],[-47.60266479999996,-22.392542899999967],[-47.602514,-22.392512499999953],[-47.602423199999976,-22.39243289999996],[-47.602374399999974,-22.392271],[-47.602355099999954,-22.39205409999994],[-47.602333699999974,-22.391836099999978],[-47.602317599999935,-22.39165829999996],[-47.602314,-22.39151019999997],[-47.60227269999996,-22.391313],[-47.602251,-22.391113899999937],[-47.602237,-22.390958499999954],[-47.602232399999934,-22.390908399999944],[-47.602227899999946,-22.39085819999997],[-47.60221859999996,-22.390756099999976],[-47.60222309999995,-22.39068279999998],[-47.602209899999934,-22.39063219999997],[-47.60219839999996,-22.390588299999933],[-47.602186899999936,-22.390544399999953],[-47.60217789999996,-22.39051009999997],[-47.60213539999995,-22.390428],[-47.602048399999944,-22.390321299999982],[-47.60194789999997,-22.39023579999997],[-47.601801799999976,-22.390178399999968],[-47.60166839999994,-22.390194],[-47.60155329999998,-22.390264799999954],[-47.60140609999996,-22.390438],[-47.60132159999995,-22.390488199999936],[-47.601204199999984,-22.390492499999937],[-47.60108729999996,-22.390430699999968],[-47.60098259999995,-22.39030539999993],[-47.600928599999975,-22.39015909999995],[-47.60090519999994,-22.389894],[-47.60087759999993,-22.389705],[-47.60079409999997,-22.389536199999952],[-47.600719699999956,-22.389398599999936],[-47.60065019999996,-22.389234699999975],[-47.60059149999995,-22.38898949999998],[-47.60053319999997,-22.388698099999942],[-47.60049329999998,-22.38852449999996],[-47.600481499999944,-22.38834419999995],[-47.60048849999998,-22.388013799999953],[-47.600511799999936,-22.38765719999998],[-47.600486699999976,-22.387501],[-47.60039839999996,-22.38742209999998],[-47.60023509999996,-22.387432],[-47.600046,-22.38749409999997],[-47.599834499999986,-22.38765429999995],[-47.59970939999994,-22.38776759999996],[-47.59960739999997,-22.38777689999995],[-47.599528299999974,-22.38771779999996],[-47.59948239999994,-22.387641599999938],[-47.599463399999934,-22.38748549999997],[-47.599512499999946,-22.387265599999978],[-47.59952409999994,-22.387141499999927],[-47.599481,-22.38701249999997],[-47.59940389999997,-22.386837399999933],[-47.599318799999935,-22.386798099999965],[-47.59925279999993,-22.386800499999936],[-47.59915829999994,-22.386832],[-47.59902189999997,-22.38691549999993],[-47.59886179999995,-22.38694819999995],[-47.59867939999998,-22.386924499999964],[-47.59852769999998,-22.38683439999994],[-47.59845749999994,-22.38671809999994],[-47.59848269999998,-22.386623199999974],[-47.59857189999997,-22.386550599999964],[-47.598754,-22.386464],[-47.59893889999995,-22.38638149999997],[-47.59913579999994,-22.38623],[-47.59925409999994,-22.38609649999995],[-47.59930949999995,-22.38598449999995],[-47.599301699999955,-22.385891499999957],[-47.59924069999994,-22.385831],[-47.59908879999995,-22.38580369999994],[-47.59880569999996,-22.38581549999998],[-47.59861209999997,-22.385830599999963],[-47.598466,-22.385884399999952],[-47.598306399999956,-22.385996499999976],[-47.598131,-22.386039899999957],[-47.59799469999996,-22.386052],[-47.597901699999966,-22.38599039999997],[-47.597848099999965,-22.38588909999993],[-47.59785919999996,-22.38579169999997],[-47.59792189999996,-22.385721799999942],[-47.598069899999985,-22.38564669999994],[-47.598165499999936,-22.38558379999995],[-47.59826339999995,-22.38546619999994],[-47.59831129999998,-22.38533709999996],[-47.59839909999994,-22.38510229999997],[-47.598461,-22.384950599999968],[-47.598582599999986,-22.38484939999995],[-47.59866549999998,-22.38482769999996],[-47.598779099999945,-22.384851599999934],[-47.59887919999994,-22.384896399999946],[-47.598995799999955,-22.384957499999928],[-47.59917489999998,-22.385108],[-47.59928189999994,-22.385131499999943],[-47.59952439999995,-22.385103899999933],[-47.599959,-22.385023399999966],[-47.60016109999998,-22.38498489999995],[-47.60029879999996,-22.38490829999995],[-47.600383499999964,-22.38482209999995],[-47.60044419999997,-22.38467339999994],[-47.60050309999997,-22.38445459999997],[-47.60055459999995,-22.384319],[-47.600681399999985,-22.384148099999948],[-47.60082969999996,-22.384012499999983],[-47.600962599999946,-22.38393629999996],[-47.60109629999994,-22.383893099999966],[-47.601224599999966,-22.383820399999934],[-47.60144139999994,-22.38362079999996],[-47.60159839999994,-22.383412],[-47.60173409999993,-22.383227699999964],[-47.60189559999998,-22.382979699999964],[-47.601979599999936,-22.382803399999943],[-47.60199039999998,-22.382702],[-47.60193429999998,-22.382641699999965],[-47.60185789999997,-22.382629],[-47.60170619999997,-22.382695799999965],[-47.60155679999997,-22.382767199999932],[-47.60143309999995,-22.38279659999995],[-47.60131129999996,-22.38275029999994],[-47.60121179999993,-22.382682299999942],[-47.60116819999996,-22.382560499999954],[-47.60116949999997,-22.382408399999974],[-47.60119059999994,-22.382265299999972],[-47.60123179999994,-22.382169099999942],[-47.60126789999998,-22.38199019999996],[-47.60127559999995,-22.38183749999996],[-47.60126429999997,-22.38172149999997],[-47.601249199999984,-22.381546399999934],[-47.60126079999998,-22.381339499999967],[-47.601270699999986,-22.38113409999994],[-47.60125929999998,-22.380816599999946],[-47.601237399999945,-22.380542899999966],[-47.60120589999997,-22.380364399999962],[-47.60114029999994,-22.380288],[-47.601037,-22.380231899999956],[-47.600921599999936,-22.380209099999945],[-47.60075009999997,-22.380245199999933],[-47.60059849999993,-22.380290199999934],[-47.60044339999996,-22.38032039999996],[-47.60029369999995,-22.380301499999973],[-47.60019289999997,-22.380258199999957],[-47.60014549999994,-22.380160299999943],[-47.60015539999995,-22.380067199999928],[-47.600188799999955,-22.379966],[-47.600257,-22.37987469999996],[-47.60027569999994,-22.379740699999957],[-47.600253599999974,-22.37948069999993],[-47.600211799999954,-22.379346399999974],[-47.60013339999995,-22.379273499999954],[-47.60006989999994,-22.379256399999974],[-47.59997819999995,-22.379287399999953],[-47.59979,-22.379378499999973],[-47.599626099999966,-22.37942339999995],[-47.59938409999995,-22.379456],[-47.59913689999996,-22.379461599999956],[-47.599027699999965,-22.379502799999955],[-47.598974,-22.379603799999927],[-47.598961,-22.37973489999996],[-47.598934199999974,-22.379894499999978],[-47.598879299999965,-22.380017299999963],[-47.59876459999998,-22.380103299999973],[-47.59861719999998,-22.380096599999945],[-47.59852069999994,-22.379984199999967],[-47.59843749999993,-22.37985809999998],[-47.59839909999994,-22.37972039999994],[-47.598330199999964,-22.37956369999995],[-47.598252299999956,-22.379259299999944],[-47.59818789999997,-22.37903229999995],[-47.598134699999946,-22.378909499999963],[-47.59806539999994,-22.378853099999958],[-47.597987899999964,-22.378822199999945],[-47.59786909999997,-22.37885],[-47.59773249999995,-22.378929],[-47.597581299999945,-22.37904869999994],[-47.59744039999998,-22.37925439999998],[-47.59727379999998,-22.379380499999968],[-47.59709179999993,-22.379465099999948],[-47.596918899999935,-22.379499099999975],[-47.59678429999997,-22.379473899999937],[-47.59665159999997,-22.37942469999996],[-47.59661089999997,-22.37935079999994],[-47.596663199999966,-22.379245899999944],[-47.59682369999996,-22.37910549999998],[-47.596882,-22.378985499999942],[-47.596955599999944,-22.378832699999975],[-47.597064,-22.37866669999994],[-47.597184,-22.378492],[-47.59736829999997,-22.378227599999946],[-47.595502599999975,-22.379074299999957],[-47.595273299999974,-22.379178799999977],[-47.59323819999997,-22.380139799999938],[-47.592845,-22.38031929999994],[-47.592429299999935,-22.38050709999993],[-47.590599699999984,-22.381306199999983],[-47.589979899999946,-22.38184609999996],[-47.58958359999997,-22.382625399999938],[-47.58941009999995,-22.383438399999932],[-47.591492899999935,-22.38465139999994],[-47.591494599999976,-22.384652399999936],[-47.591936499999974,-22.384924299999966],[-47.59236379999993,-22.385238499999957],[-47.592804,-22.385621699999945],[-47.593135099999984,-22.385999],[-47.59337139999997,-22.386383799999976],[-47.59338729999996,-22.38640959999998],[-47.59359509999996,-22.38684859999995],[-47.59429319999998,-22.38862409999996],[-47.594827599999974,-22.38998319999996],[-47.59492339999997,-22.390227299999935],[-47.59498339999993,-22.390406799999937],[-47.595035,-22.390561099999957],[-47.59509909999997,-22.390832899999964],[-47.59516,-22.391213799999946],[-47.59515719999996,-22.39154639999998],[-47.595114699999954,-22.391906699999936],[-47.594780399999934,-22.393514599999946],[-47.59473609999998,-22.393727599999977],[-47.59470479999993,-22.39410129999993],[-47.59472069999998,-22.394474699999932],[-47.59478619999993,-22.394836399999974],[-47.59483729999994,-22.395002199999965],[-47.59489959999996,-22.395204599999943],[-47.595055799999955,-22.39552539999994],[-47.595303899999976,-22.39590819999995],[-47.595416,-22.39614329999995],[-47.59548829999994,-22.39630649999998],[-47.595680899999934,-22.39653519999996],[-47.59572459999998,-22.396613499999944],[-47.59579249999996,-22.396702799999957],[-47.59589519999997,-22.396744399999932],[-47.596037,-22.396736199999964],[-47.59611369999993,-22.39677009999997],[-47.59622909999996,-22.396819799999946],[-47.588680899999986,-22.405563599999937],[-47.58864459999995,-22.40560549999998],[-47.588609099999985,-22.405646899999965],[-47.58426079999998,-22.410707799999955],[-47.58382069999993,-22.41122009999998],[-47.58287919999998,-22.412297299999977],[-47.58154029999997,-22.41385159999993],[-47.58122519999995,-22.41424619999998],[-47.58079559999993,-22.414780699999937],[-47.57966729999998,-22.41636879999993],[-47.57905819999996,-22.417345599999976],[-47.57867569999996,-22.417993399999943],[-47.57774009999997,-22.419776399999932],[-47.577851599999974,-22.419824699999936],[-47.57809419999995,-22.419929899999943],[-47.57824569999997,-22.42000859999996],[-47.578346899999985,-22.42006239999995],[-47.578365099999985,-22.420026099999973],[-47.578392099999974,-22.419989399999963],[-47.57842589999996,-22.419961899999976],[-47.57846509999996,-22.419937299999958],[-47.57852169999995,-22.419916],[-47.578570199999945,-22.41991319999994],[-47.578615,-22.419915499999945],[-47.57865789999994,-22.419923799999935],[-47.57870429999997,-22.419946599999946],[-47.57874419999996,-22.41997589999994],[-47.57877339999993,-22.42000919999998],[-47.578795199999945,-22.420048],[-47.57880879999993,-22.420085899999947],[-47.57884859999996,-22.420082299999933],[-47.578926199999955,-22.42002169999995],[-47.579004399999974,-22.419913099999974],[-47.579069,-22.41978419999998],[-47.579109399999936,-22.419713599999966],[-47.57917969999994,-22.419577],[-47.57922629999996,-22.419484499999953],[-47.579280799999935,-22.419377099999963],[-47.57934279999995,-22.41928359999997],[-47.57941779999993,-22.419192099999975],[-47.57952169999993,-22.419113099999947],[-47.57960939999998,-22.419063299999948],[-47.57976139999994,-22.41901749999994],[-47.57986169999998,-22.419001],[-47.57992869999998,-22.418997899999965],[-47.58002659999994,-22.41900069999997],[-47.580240499999945,-22.419014199999935],[-47.580747299999985,-22.419055199999946],[-47.58105219999993,-22.419082199999934],[-47.581363599999975,-22.41910889999997],[-47.58184209999996,-22.419149699999934],[-47.581903799999964,-22.419158599999946],[-47.58290789999995,-22.41938]]]}},{"type":"Feature","properties":{"bairro":"Jardim Cherveson","casos":7,"idade_media":56.7,"custo_total":10719.44,"anos":"['2021' '2022' '2024']","total_ceps":5,"lat":-22.407339057142856,"lon":-47.562834657142865},"geometry":{"type":"Polygon","coordinates":[[[-47.57049579999995,-22.38695519999993],[-47.572196599999984,-22.387076099999945],[-47.572239699999955,-22.387077399999953],[-47.572283099999936,-22.387079399999948],[-47.57229429999995,-22.387079599999936],[-47.57254909999995,-22.38655289999997],[-47.57289129999998,-22.38585649999993],[-47.572946799999954,-22.385773],[-47.57300219999996,-22.385708299999976],[-47.57302819999995,-22.385678],[-47.57305439999993,-22.385647699999936],[-47.57311949999996,-22.385577199999943],[-47.57316759999998,-22.385500699999966],[-47.57318749999996,-22.38543459999994],[-47.57319479999995,-22.385382],[-47.573200499999984,-22.385340499999927],[-47.573207399999944,-22.385301],[-47.57322819999996,-22.38518179999994],[-47.57325969999994,-22.38509369999997],[-47.57343329999998,-22.384729499999935],[-47.57395489999993,-22.383673699999974],[-47.574193599999944,-22.383194899999978],[-47.574444599999936,-22.382647899999938],[-47.574950799999954,-22.381597],[-47.575358499999936,-22.380746899999963],[-47.57537579999996,-22.38071059999993],[-47.57539319999995,-22.38067469999993],[-47.576251799999966,-22.37889619999993],[-47.57625989999997,-22.378878399999962],[-47.57627679999996,-22.37884029999998],[-47.576293599999985,-22.378803199999936],[-47.576303199999984,-22.378782099999967],[-47.576342599999975,-22.37869379999995],[-47.57637959999994,-22.378615899999943],[-47.576388099999974,-22.37859919999994],[-47.57643139999993,-22.378518199999974],[-47.576499199999944,-22.378407599999946],[-47.57657389999997,-22.378300699999954],[-47.576683499999945,-22.378165799999977],[-47.57678869999995,-22.378048599999943],[-47.57697109999998,-22.377889599999946],[-47.57713559999996,-22.377777399999957],[-47.57730989999993,-22.37767159999993],[-47.577374599999985,-22.377632799999958],[-47.577409399999965,-22.377613099999962],[-47.57744229999997,-22.377594899999963],[-47.577549799999986,-22.377539],[-47.577722499999936,-22.377489699999956],[-47.57776149999995,-22.37747859999996],[-47.57780119999995,-22.37747029999997],[-47.577832299999955,-22.377463899999952],[-47.57792249999994,-22.37744349999997],[-47.577952299999936,-22.377436],[-47.57798839999998,-22.377425],[-47.57810059999997,-22.37738879999995],[-47.578218499999934,-22.37734039999998],[-47.57827819999994,-22.37731],[-47.57831109999995,-22.377293099999974],[-47.57839749999994,-22.377244899999937],[-47.578440599999965,-22.377218699999958],[-47.57848579999995,-22.37718689999997],[-47.578526299999965,-22.377151899999944],[-47.578651599999944,-22.37704259999998],[-47.57872349999997,-22.37697079999998],[-47.578947,-22.376727899999935],[-47.579154399999936,-22.376506399999982],[-47.57931789999998,-22.376335599999948],[-47.579817799999944,-22.375808399999983],[-47.58006369999998,-22.375533099999927],[-47.58053079999996,-22.37504789999997],[-47.58101849999997,-22.374514099999942],[-47.58189029999994,-22.37357449999996],[-47.582821,-22.372581099999934],[-47.582979499999965,-22.37241789999996],[-47.58319209999996,-22.37218059999998],[-47.583398,-22.371960099999967],[-47.58434289999997,-22.370947899999976],[-47.585551099999975,-22.36968269999994],[-47.58609919999998,-22.36906659999994],[-47.586584399999936,-22.368398799999966],[-47.58671149999998,-22.368180699999982],[-47.58679479999995,-22.367934899999966],[-47.58737279999997,-22.365521199999932],[-47.58733959999995,-22.365488399999947],[-47.587239899999986,-22.365390499999933],[-47.58710759999997,-22.36526109999994],[-47.586979499999984,-22.365137499999946],[-47.58684119999998,-22.365037099999938],[-47.58662719999995,-22.364896099999953],[-47.58635739999994,-22.36473469999993],[-47.58613219999995,-22.36466719999993],[-47.58584069999995,-22.364587299999982],[-47.58569159999996,-22.364482799999962],[-47.58565489999995,-22.364338199999963],[-47.58572049999998,-22.36417709999995],[-47.585847599999965,-22.36397869999996],[-47.58596269999998,-22.363629599999967],[-47.58600579999995,-22.36344269999995],[-47.58600389999998,-22.363211299999932],[-47.58594759999994,-22.36300369999998],[-47.58586719999994,-22.362802899999963],[-47.58581989999993,-22.362679699999944],[-47.585736,-22.362596399999973],[-47.585538199999974,-22.362472499999967],[-47.585446299999944,-22.36243109999998],[-47.585306799999955,-22.36245759999997],[-47.58513859999994,-22.362573699999928],[-47.585006,-22.362592399999983],[-47.58492249999995,-22.362567],[-47.584835099999964,-22.36250039999993],[-47.584789099999966,-22.362397099999953],[-47.58487239999994,-22.362275199999942],[-47.584956499999976,-22.36220929999996],[-47.58504289999996,-22.36214089999993],[-47.58507309999993,-22.362088299999982],[-47.58509239999995,-22.362023499999964],[-47.58506539999996,-22.361932499999966],[-47.58496889999998,-22.36186829999997],[-47.58477819999996,-22.361795],[-47.58467189999993,-22.361746],[-47.5846,-22.36165619999997],[-47.58459809999994,-22.36153],[-47.58464329999998,-22.36142069999994],[-47.58470589999996,-22.361261799999966],[-47.584726399999965,-22.361134599999957],[-47.58471319999995,-22.361013399999933],[-47.58465309999997,-22.360905799999955],[-47.58458489999998,-22.360816899999975],[-47.58449809999996,-22.360780899999952],[-47.58442039999994,-22.36081669999993],[-47.584369,-22.360883899999976],[-47.58431729999995,-22.360907099999963],[-47.58422719999993,-22.360909499999934],[-47.584137399999975,-22.360890499999982],[-47.58406579999996,-22.360904199999936],[-47.583969699999955,-22.360979],[-47.58392729999997,-22.36107839999994],[-47.58392709999998,-22.361186],[-47.583974799999964,-22.36127849999997],[-47.58398319999998,-22.36137219999995],[-47.58395789999997,-22.36144879999995],[-47.58388669999994,-22.36149779999994],[-47.58376619999996,-22.36150829999997],[-47.58361569999994,-22.36149219999993],[-47.583488099999954,-22.361423699999932],[-47.58340579999998,-22.361341799999934],[-47.58338829999997,-22.361246],[-47.58342529999993,-22.361135099999956],[-47.58351939999994,-22.36098789999994],[-47.58362159999996,-22.360810499999957],[-47.58367649999997,-22.360674],[-47.58367069999997,-22.360576],[-47.58363819999994,-22.36045249999995],[-47.58355369999998,-22.360298399999976],[-47.58345939999998,-22.360193299999935],[-47.58340709999993,-22.360145399999965],[-47.58334449999995,-22.360134099999982],[-47.58323839999997,-22.36019719999996],[-47.583127099999956,-22.360265899999945],[-47.58300269999995,-22.360336099999927],[-47.58290939999995,-22.36040849999995],[-47.582771,-22.360510499999975],[-47.58267889999996,-22.36055259999995],[-47.58258349999994,-22.36053],[-47.582552,-22.360465099999942],[-47.582538099999965,-22.360378699999956],[-47.58257229999998,-22.360252299999956],[-47.58272119999998,-22.360108],[-47.58287259999997,-22.35994459999995],[-47.58304279999993,-22.359816699999953],[-47.58317939999995,-22.359738299999947],[-47.58322469999996,-22.359692699999982],[-47.583250599999985,-22.359607],[-47.583228099999985,-22.359501699999953],[-47.583166699999936,-22.359332499999937],[-47.58314359999997,-22.35917539999997],[-47.583160299999975,-22.359014899999977],[-47.58316589999998,-22.358887299999935],[-47.58314789999997,-22.35878219999995],[-47.58313719999995,-22.35865139999993],[-47.58312739999997,-22.358451599999967],[-47.58317009999996,-22.358269699999937],[-47.583214399999974,-22.358090799999957],[-47.58322069999997,-22.35797409999998],[-47.58318219999995,-22.357901199999958],[-47.58309779999996,-22.35785539999995],[-47.582921899999974,-22.357866199999933],[-47.582835,-22.357924799999978],[-47.582707,-22.358052399999963],[-47.58258209999997,-22.35815089999994],[-47.58248929999996,-22.358157799999958],[-47.582374,-22.358117799999945],[-47.582329399999935,-22.358034699999962],[-47.58232949999996,-22.35788919999993],[-47.58239279999998,-22.357692699999973],[-47.582527,-22.357381499999974],[-47.58256879999993,-22.357228],[-47.58256249999994,-22.357145299999956],[-47.58251179999996,-22.357044299999927],[-47.58239619999995,-22.35689],[-47.58224569999993,-22.35673129999998],[-47.582029199999965,-22.35650229999993],[-47.58181159999998,-22.35630989999993],[-47.58155629999993,-22.356096699999966],[-47.58127579999996,-22.355907599999966],[-47.58108359999994,-22.35574209999993],[-47.58094689999996,-22.35564069999998],[-47.58083689999995,-22.355600599999946],[-47.58068949999995,-22.355596499999933],[-47.58051969999997,-22.355624599999942],[-47.58037059999998,-22.35570189999993],[-47.580314,-22.355804699999965],[-47.580317699999966,-22.35593689999996],[-47.58030329999997,-22.35608069999995],[-47.58024349999994,-22.35616559999994],[-47.580118,-22.356217499999957],[-47.57996509999998,-22.356232],[-47.579778799999985,-22.35618029999995],[-47.57952259999996,-22.356048699999974],[-47.579231799999945,-22.355938399999957],[-47.57904329999997,-22.355908299999953],[-47.578821,-22.355897],[-47.578719399999954,-22.355845399999964],[-47.57864039999998,-22.355809499999964],[-47.578579899999966,-22.355719799999974],[-47.578566,-22.35563339999993],[-47.578598,-22.355542699999944],[-47.57873139999998,-22.35541619999998],[-47.578764099999944,-22.355321499999945],[-47.57876079999994,-22.355212499999936],[-47.57870609999998,-22.355110399999944],[-47.57861639999993,-22.355056899999965],[-47.578518299999985,-22.355078299999946],[-47.57840969999995,-22.35516219999994],[-47.57828759999995,-22.355249499999957],[-47.578179399999954,-22.35530449999993],[-47.578083299999946,-22.355262899999957],[-47.57798449999996,-22.355186599999968],[-47.57791189999995,-22.355170099999953],[-47.577808199999936,-22.355192899999963],[-47.577741499999945,-22.355269499999963],[-47.577662799999985,-22.35535619999996],[-47.57756889999996,-22.355391099999963],[-47.57745719999997,-22.35536849999994],[-47.577262099999984,-22.35524709999993],[-47.577137499999935,-22.355204799999967],[-47.577007299999934,-22.35517729999998],[-47.576800799999944,-22.35517889999994],[-47.576692399999956,-22.355165899999974],[-47.576639599999965,-22.35512669999997],[-47.57660189999996,-22.355076399999973],[-47.57659109999997,-22.355017699999962],[-47.57663709999997,-22.35492979999998],[-47.57672869999993,-22.35476879999993],[-47.57675029999996,-22.354666299999963],[-47.57673149999994,-22.35458719999997],[-47.57667929999997,-22.354531299999962],[-47.57660029999994,-22.35452639999994],[-47.57652049999996,-22.354590299999927],[-47.576437399999975,-22.354699299999936],[-47.57637109999996,-22.354750399999944],[-47.57624539999995,-22.354761399999973],[-47.576118,-22.354706799999974],[-47.57603609999995,-22.35461559999993],[-47.57602319999995,-22.35453709999996],[-47.57606279999993,-22.354380299999946],[-47.57610559999995,-22.354219399999977],[-47.57609579999996,-22.354120299999977],[-47.57601829999993,-22.354009],[-47.575940499999945,-22.353954199999976],[-47.57585329999995,-22.353927599999963],[-47.57575849999995,-22.35393929999998],[-47.57567579999994,-22.354003199999966],[-47.57558639999996,-22.35406389999997],[-47.57549809999995,-22.35407429999998],[-47.575370599999985,-22.354084299999954],[-47.575285399999984,-22.354141099999936],[-47.575256399999944,-22.354223299999944],[-47.57523159999994,-22.354381399999966],[-47.57523779999997,-22.354504299999974],[-47.57521929999996,-22.354583499999933],[-47.575147,-22.354671699999983],[-47.57506159999997,-22.354732],[-47.574972499999944,-22.354722599999945],[-47.574845799999935,-22.354674399999965],[-47.574720799999966,-22.354646699999932],[-47.574624599999936,-22.354673399999967],[-47.574490699999956,-22.354771899999946],[-47.57441559999995,-22.354886699999952],[-47.57437859999993,-22.355013799999938],[-47.574350799999934,-22.355137199999945],[-47.574325399999964,-22.35521769999997],[-47.57425109999997,-22.355273099999977],[-47.57414659999995,-22.35528119999998],[-47.574046899999985,-22.35522089999995],[-47.57397989999998,-22.355101099999956],[-47.573892299999955,-22.35496729999994],[-47.573769599999935,-22.35483709999994],[-47.573699499999975,-22.354795799999977],[-47.573630299999934,-22.354792199999963],[-47.57355869999998,-22.354808899999966],[-47.57344949999998,-22.35489],[-47.573395199999936,-22.354990099999952],[-47.57331419999997,-22.35509819999993],[-47.57321579999996,-22.355197799999928],[-47.573103799999956,-22.355281699999978],[-47.57299969999997,-22.35531709999998],[-47.572876,-22.35531629999997],[-47.57276859999996,-22.35527849999994],[-47.57265249999995,-22.355186199999935],[-47.57252549999998,-22.355023],[-47.57243589999996,-22.354962399999977],[-47.57230739999994,-22.354946499999983],[-47.57214039999997,-22.35496089999998],[-47.57193929999994,-22.35499859999993],[-47.57183539999994,-22.354979699999944],[-47.571718299999986,-22.354933199999948],[-47.571606299999985,-22.354839199999958],[-47.57153459999995,-22.354692],[-47.571420699999976,-22.35446539999998],[-47.57130179999996,-22.35429149999993],[-47.57119129999995,-22.35411469999997],[-47.57118639999993,-22.354011399999933],[-47.571240399999965,-22.35386459999995],[-47.57129839999993,-22.353813699999932],[-47.571405599999935,-22.353802299999927],[-47.571638,-22.35391],[-47.57176279999993,-22.35391939999994],[-47.57185849999996,-22.35388359999996],[-47.57188019999995,-22.353802],[-47.571858599999985,-22.35373149999998],[-47.571707199999935,-22.35361],[-47.57155809999995,-22.35355119999997],[-47.571479599999975,-22.35349249999996],[-47.57145319999995,-22.353395499999976],[-47.571497799999975,-22.35333369999995],[-47.57169079999994,-22.353264799999977],[-47.57180919999996,-22.353318],[-47.57189429999994,-22.353403699999944],[-47.57198969999996,-22.353435399999967],[-47.57208529999997,-22.353444399999944],[-47.572148,-22.353373499999975],[-47.572185099999956,-22.35322489999993],[-47.57217459999998,-22.35305009999996],[-47.572182,-22.35287119999998],[-47.57218789999996,-22.352691299999947],[-47.572170899999946,-22.352524099999982],[-47.572132599999975,-22.352388599999983],[-47.572058099999936,-22.352287299999944],[-47.571975099999975,-22.352232],[-47.571857799999975,-22.35222909999993],[-47.571754399999975,-22.35226419999998],[-47.57165639999994,-22.352392599999973],[-47.57159189999993,-22.35253069999993],[-47.571539,-22.35260169999998],[-47.571446,-22.352656099999933],[-47.57132459999997,-22.352724799999976],[-47.57114429999996,-22.352884899999935],[-47.57099449999998,-22.35304279999997],[-47.57083189999997,-22.35313069999995],[-47.57076609999996,-22.35316629999994],[-47.57064719999994,-22.353627899999935],[-47.57076839999996,-22.35439489999993],[-47.57083689999996,-22.354682099999934],[-47.57091719999994,-22.355115599999976],[-47.570962399999985,-22.355262299999936],[-47.57103939999996,-22.355430399999932],[-47.571229,-22.355725199999938],[-47.57130079999996,-22.355858799999965],[-47.57133609999994,-22.355954899999972],[-47.57134569999994,-22.356059699999946],[-47.57134549999995,-22.356173499999954],[-47.571284599999956,-22.35640989999996],[-47.571150099999954,-22.356898099999967],[-47.57110469999998,-22.35707919999993],[-47.57109239999994,-22.357255099999975],[-47.571086899999955,-22.357397799999944],[-47.571086899999955,-22.357906199999945],[-47.57106049999993,-22.358071],[-47.57101339999997,-22.358209199999976],[-47.570890599999984,-22.358517699999936],[-47.57086389999995,-22.358655399999975],[-47.570858,-22.35880929999996],[-47.57092609999995,-22.359261499999945],[-47.570959399999936,-22.35944159999997],[-47.57104459999994,-22.35983109999995],[-47.571060699999975,-22.359923699999968],[-47.571054699999934,-22.36001909999993],[-47.57102609999998,-22.360132299999975],[-47.57098109999998,-22.360232199999928],[-47.57060789999997,-22.360986399999945],[-47.570557399999984,-22.361105099999975],[-47.57051349999995,-22.36125679999998],[-47.570463899999936,-22.36150609999993],[-47.57040379999995,-22.36203869999997],[-47.57036059999996,-22.362352199999975],[-47.57022779999994,-22.36312279999993],[-47.57021089999995,-22.363220599999977],[-47.57000789999995,-22.364247],[-47.56979669999998,-22.365326],[-47.56967449999996,-22.365949899999976],[-47.56942309999994,-22.367234499999938],[-47.56869429999995,-22.36795109999997],[-47.56845459999994,-22.368204099999957],[-47.568372099999976,-22.368293199999982],[-47.56827089999996,-22.36839589999994],[-47.56814889999998,-22.36852319999997],[-47.56766969999995,-22.369126799999947],[-47.567262899999946,-22.369708199999934],[-47.56718059999997,-22.36988059999993],[-47.56714759999994,-22.369949899999938],[-47.566981,-22.370317299999954],[-47.56689589999996,-22.370505299999934],[-47.56609959999997,-22.37255659999994],[-47.564936699999976,-22.374250899999936],[-47.564688399999966,-22.37461179999997],[-47.56454179999997,-22.374852],[-47.564381,-22.37515419999994],[-47.56401509999995,-22.375836099999958],[-47.56361489999995,-22.37572119999993],[-47.563538,-22.375942099999975],[-47.56331529999994,-22.376624499999934],[-47.56316689999994,-22.377147099999945],[-47.56312459999998,-22.377268],[-47.56291749999997,-22.377911],[-47.562715399999945,-22.37856849999997],[-47.562553,-22.380046799999946],[-47.562374699999964,-22.381525499999952],[-47.562031899999965,-22.38455629999993],[-47.56199269999996,-22.384872799999982],[-47.56198409999996,-22.384942699999954],[-47.561972699999956,-22.385019],[-47.561968899999954,-22.38505809999998],[-47.56180079999996,-22.386343299999965],[-47.562035299999934,-22.386343499999953],[-47.56164989999996,-22.387234299999932],[-47.56163339999995,-22.387360099999967],[-47.56160849999998,-22.387538199999938],[-47.56161979999996,-22.38776409999997],[-47.56165869999995,-22.387730199999964],[-47.561773,-22.387631599999963],[-47.561896099999956,-22.387522799999942],[-47.56220289999993,-22.387292],[-47.56250149999994,-22.38710459999993],[-47.562816399999974,-22.386954899999978],[-47.563157899999965,-22.38685019999997],[-47.56326909999996,-22.386824299999944],[-47.56330809999997,-22.386815199999944],[-47.563347,-22.386806099999944],[-47.56350719999995,-22.386768399999937],[-47.563822699999946,-22.38674089999995],[-47.56415019999997,-22.386725599999977],[-47.56451889999994,-22.38672809999997],[-47.56492149999997,-22.38674579999997],[-47.564963399999954,-22.38674759999998],[-47.56500559999995,-22.386749299999963],[-47.56535459999998,-22.386763499999972],[-47.56655269999993,-22.386812],[-47.568186099999934,-22.38688019999995],[-47.56823819999994,-22.386882399999934],[-47.568289,-22.386884],[-47.569232399999976,-22.38691419999998],[-47.57049579999995,-22.38695519999993]]]}},{"type":"Feature","properties":{"bairro":"Jardim Floridiana","casos":15,"idade_media":61.9,"custo_total":35720.27,"anos":"['2021' '2022' '2023' '2024' '2025']","total_ceps":9,"lat":-22.41139,"lon":-47.56139},"geometry":{"type":"Polygon","coordinates":[[[-47.562374699999964,-22.381525499999952],[-47.562553,-22.380046799999946],[-47.562715399999945,-22.37856849999997],[-47.56291749999997,-22.377911],[-47.56312459999998,-22.377268],[-47.56316689999994,-22.377147099999945],[-47.56331529999994,-22.376624499999934],[-47.563538,-22.375942099999975],[-47.56361489999995,-22.37572119999993],[-47.56367609999995,-22.375458799999933],[-47.563679899999954,-22.375408899999968],[-47.56367179999995,-22.375369199999966],[-47.56364979999995,-22.37533439999993],[-47.56361029999994,-22.375306299999977],[-47.56356139999997,-22.37528489999994],[-47.563507,-22.37527319999998],[-47.56247319999994,-22.37517459999998],[-47.56041709999994,-22.374974599999973],[-47.560282,-22.374962899999957],[-47.559344099999976,-22.374881499999958],[-47.55929,-22.374882799999966],[-47.559272599999986,-22.374324899999976],[-47.559265799999935,-22.37424649999997],[-47.559225099999935,-22.374239],[-47.55507469999998,-22.373481699999957],[-47.55503179999994,-22.373473799999942],[-47.55498879999993,-22.373466],[-47.55484759999996,-22.373440199999948],[-47.55493579999995,-22.37387689999997],[-47.554944699999965,-22.37411019999996],[-47.55494619999996,-22.37415009999995],[-47.554978699999936,-22.37452449999995],[-47.55504049999996,-22.37452769999993],[-47.55526109999994,-22.374609199999952],[-47.555312399999934,-22.37465459999993],[-47.555387,-22.374965],[-47.555453,-22.375235699999962],[-47.55554559999996,-22.37563149999994],[-47.555577599999936,-22.375770099999954],[-47.55569419999995,-22.37627589999994],[-47.555854599999975,-22.376939499999935],[-47.55600789999994,-22.377609399999983],[-47.55602539999995,-22.377682],[-47.55616209999994,-22.378247899999963],[-47.55631729999993,-22.37890559999994],[-47.556994799999984,-22.38179649999995],[-47.55761979999994,-22.384472899999935],[-47.55765719999994,-22.384645099999943],[-47.557838199999935,-22.38549919999997],[-47.55793289999997,-22.385943699999928],[-47.558014,-22.386257299999954],[-47.55806,-22.386431699999946],[-47.55847819999997,-22.38822629999993],[-47.558689399999935,-22.389115699999934],[-47.558969099999956,-22.390249299999937],[-47.559107799999936,-22.39085979999993],[-47.55930009999997,-22.391700499999956],[-47.559309,-22.391739299999983],[-47.55931819999995,-22.391778899999963],[-47.55971379999994,-22.393484499999943],[-47.559963,-22.39450249999993],[-47.55993629999995,-22.394502899999964],[-47.55989129999995,-22.39450359999995],[-47.55993069999994,-22.39467439999993],[-47.55996349999998,-22.394802],[-47.559982599999955,-22.39484539999995],[-47.560024699999985,-22.39492189999993],[-47.55981929999996,-22.395361099999946],[-47.559810599999935,-22.396077899999966],[-47.55974709999998,-22.396744399999932],[-47.559685499999944,-22.397213499999964],[-47.55964809999995,-22.397498],[-47.55951909999993,-22.39833269999997],[-47.55963639999993,-22.398368699999935],[-47.55968119999994,-22.39838249999997],[-47.55979579999996,-22.397885299999928],[-47.55989269999998,-22.397311099999968],[-47.55989809999994,-22.397060299999964],[-47.56002339999998,-22.39628609999994],[-47.56010409999993,-22.39585459999995],[-47.560298099999955,-22.394939699999952],[-47.560311199999944,-22.394825099999935],[-47.56041559999994,-22.393924399999946],[-47.56050049999993,-22.393456399999934],[-47.56066409999994,-22.392570099999944],[-47.56083449999994,-22.39136209999998],[-47.56088969999996,-22.39079419999996],[-47.56077549999998,-22.39078379999995],[-47.560778899999946,-22.390744299999938],[-47.560889,-22.389737099999934],[-47.560938799999974,-22.389439099999947],[-47.560997199999974,-22.389088699999945],[-47.561084799999946,-22.388708],[-47.561157599999945,-22.388503399999934],[-47.561234,-22.38833089999997],[-47.56128369999993,-22.38821859999996],[-47.56141109999993,-22.387996699999974],[-47.561582499999986,-22.38780559999998],[-47.56161979999996,-22.38776409999997],[-47.56160849999998,-22.387538199999938],[-47.56163339999995,-22.387360099999967],[-47.56164989999996,-22.387234299999932],[-47.562035299999934,-22.386343499999953],[-47.56180079999996,-22.386343299999965],[-47.561968899999954,-22.38505809999998],[-47.561972699999956,-22.385019],[-47.56198409999996,-22.384942699999954],[-47.56199269999996,-22.384872799999982],[-47.562031899999965,-22.38455629999993],[-47.562374699999964,-22.381525499999952]]]}},{"type":"Feature","properties":{"bairro":"Jardim Guanabara","casos":2,"idade_media":54.5,"custo_total":7537.27,"anos":["2025"],"total_ceps":2,"lat":-22.41139,"lon":-47.56139},"geometry":{"type":"Polygon","coordinates":[[[-47.58248089999995,-22.43841229999998],[-47.58243939999994,-22.43818049999993],[-47.58242579999995,-22.438105],[-47.58238449999993,-22.43774609999997],[-47.58234159999995,-22.43736089999993],[-47.58231639999997,-22.43713109999993],[-47.582296,-22.436919299999943],[-47.58228569999994,-22.436696299999937],[-47.58229039999998,-22.43655229999996],[-47.58226789999998,-22.436367899999937],[-47.58226149999996,-22.436315099999945],[-47.58229549999993,-22.435992],[-47.582373,-22.435193099999935],[-47.58238129999995,-22.435107699999946],[-47.58238659999995,-22.435052799999937],[-47.582419399999935,-22.43471549999998],[-47.582423,-22.434676499999966],[-47.58236589999996,-22.434667599999955],[-47.58144029999994,-22.434474699999953],[-47.58094029999995,-22.434369],[-47.57968479999994,-22.434106],[-47.57814949999994,-22.433780699999943],[-47.57811549999997,-22.433774899999946],[-47.57741269999997,-22.43366569999995],[-47.57773649999996,-22.43317209999998],[-47.577806,-22.433073899999954],[-47.57797759999994,-22.432851599999935],[-47.57811419999996,-22.432693],[-47.57825809999997,-22.432542099999978],[-47.57840009999995,-22.432383399999935],[-47.57853329999995,-22.431817799999976],[-47.57858769999996,-22.431673899999964],[-47.578624,-22.431526099999928],[-47.57865879999997,-22.43144479999995],[-47.57871189999997,-22.43137029999997],[-47.57876159999995,-22.431168199999945],[-47.578351699999985,-22.430862099999956],[-47.57767239999998,-22.431857399999956],[-47.574607399999934,-22.43627349999997],[-47.57458379999997,-22.43630769999993],[-47.57456,-22.43634229999998],[-47.571744699999954,-22.44042749999994],[-47.57171359999995,-22.440472799999952],[-47.57168249999995,-22.440517399999976],[-47.57165809999998,-22.440552599999933],[-47.57199389999994,-22.442060599999934],[-47.57199439999994,-22.442062799999974],[-47.57259349999998,-22.444657399999983],[-47.57262389999994,-22.444654],[-47.572663499999976,-22.444648899999947],[-47.57270319999998,-22.444644299999936],[-47.57278219999995,-22.444634899999983],[-47.572821199999964,-22.44462619999996],[-47.573216299999956,-22.44487319999996],[-47.573239299999955,-22.444819199999927],[-47.573297699999955,-22.44478639999994],[-47.57382649999994,-22.44474649999995],[-47.57445689999997,-22.44471939999994],[-47.57507449999997,-22.444692799999928],[-47.57570449999997,-22.444665699999973],[-47.57632639999997,-22.444639],[-47.57693119999993,-22.444613],[-47.577549,-22.444586399999935],[-47.57815849999997,-22.444560199999955],[-47.57880329999995,-22.44453249999998],[-47.57942659999998,-22.44450349999994],[-47.579656899999975,-22.444497799999965],[-47.579745799999955,-22.444502099999966],[-47.579830399999935,-22.44451909999998],[-47.58001869999998,-22.44456249999996],[-47.580263,-22.444623899999954],[-47.580412499999966,-22.444644599999947],[-47.580609299999935,-22.44467179999998],[-47.581139,-22.444769],[-47.581894,-22.444994899999983],[-47.58248859999998,-22.445176699999934],[-47.58307959999996,-22.445357499999943],[-47.583686299999954,-22.445543],[-47.58426929999996,-22.445721299999946],[-47.58486439999996,-22.44590329999994],[-47.58544359999996,-22.44608039999997],[-47.585469099999955,-22.44582669999994],[-47.58547219999997,-22.445764699999927],[-47.585458399999936,-22.44570239999996],[-47.58538169999997,-22.445539],[-47.58527429999998,-22.445351],[-47.58513919999996,-22.445122599999934],[-47.584884699999975,-22.44470819999998],[-47.58475119999997,-22.444475],[-47.584594,-22.444213599999955],[-47.58450239999996,-22.444066799999973],[-47.584410299999945,-22.443919],[-47.583756,-22.44293209999995],[-47.58316139999994,-22.44208079999993],[-47.58303909999995,-22.44183879999997],[-47.583023,-22.44180689999996],[-47.583088799999985,-22.441801599999962],[-47.58307679999996,-22.44174659999993],[-47.58305949999993,-22.44165],[-47.583039,-22.441535099999953],[-47.58248089999995,-22.43841229999998]]]}},{"type":"Feature","properties":{"bairro":"Jardim INOCOOP","casos":5,"idade_media":61.4,"custo_total":13588.34,"anos":"['2021' '2023' '2025']","total_ceps":2,"lat":-22.41139,"lon":-47.56139},"geometry":{"type":"Polygon","coordinates":[[[-47.58047209999995,-22.427764],[-47.58182379999994,-22.425802399999952],[-47.585112899999956,-22.42102929999993],[-47.58513569999997,-22.420996199999934],[-47.584970099999964,-22.420888499999933],[-47.58486529999993,-22.420806599999935],[-47.58452589999996,-22.420549],[-47.58442709999997,-22.42052019999994],[-47.58390069999996,-22.42040549999996],[-47.583299899999986,-22.420274499999948],[-47.58339989999996,-22.419902299999933],[-47.583444,-22.419735299999957],[-47.58345419999995,-22.419695699999977],[-47.583498299999974,-22.419524399999943],[-47.58330909999995,-22.41947259999995],[-47.58326959999994,-22.419461799999965],[-47.58323119999994,-22.419453199999964],[-47.583067899999946,-22.419416599999977],[-47.58294829999994,-22.419388399999946],[-47.58290789999995,-22.41938],[-47.581903799999964,-22.419158599999946],[-47.58184209999996,-22.419149699999934],[-47.581363599999975,-22.41910889999997],[-47.58105219999993,-22.419082199999934],[-47.580747299999985,-22.419055199999946],[-47.580240499999945,-22.419014199999935],[-47.58002659999994,-22.41900069999997],[-47.57992869999998,-22.418997899999965],[-47.57986169999998,-22.419001],[-47.57976139999994,-22.41901749999994],[-47.57960939999998,-22.419063299999948],[-47.57952169999993,-22.419113099999947],[-47.57941779999993,-22.419192099999975],[-47.57934279999995,-22.41928359999997],[-47.579280799999935,-22.419377099999963],[-47.57922629999996,-22.419484499999953],[-47.57917969999994,-22.419577],[-47.579109399999936,-22.419713599999966],[-47.579069,-22.41978419999998],[-47.579004399999974,-22.419913099999974],[-47.578926199999955,-22.42002169999995],[-47.57884859999996,-22.420082299999933],[-47.57880879999993,-22.420085899999947],[-47.578795199999945,-22.420048],[-47.57877339999993,-22.42000919999998],[-47.57874419999996,-22.41997589999994],[-47.57870429999997,-22.419946599999946],[-47.57865789999994,-22.419923799999935],[-47.578615,-22.419915499999945],[-47.578570199999945,-22.41991319999994],[-47.57852169999995,-22.419916],[-47.57846509999996,-22.419937299999958],[-47.57842589999996,-22.419961899999976],[-47.578392099999974,-22.419989399999963],[-47.578365099999985,-22.420026099999973],[-47.578346899999985,-22.42006239999995],[-47.57824569999997,-22.42000859999996],[-47.57809419999995,-22.419929899999943],[-47.577851599999974,-22.419824699999936],[-47.57774009999997,-22.419776399999932],[-47.57697719999993,-22.42127039999997],[-47.574364,-22.426387099999943],[-47.57434489999997,-22.42642459999996],[-47.57432659999995,-22.426460599999928],[-47.571690399999966,-22.431653899999958],[-47.570030799999984,-22.43488979999995],[-47.57001119999995,-22.43492809999998],[-47.56999049999996,-22.43496659999994],[-47.56998219999997,-22.43497739999998],[-47.57006469999993,-22.43508],[-47.570347,-22.435431799999947],[-47.570568099999946,-22.43572219999993],[-47.57061489999995,-22.43579139999997],[-47.57072679999993,-22.435966699999938],[-47.57083669999997,-22.436174499999936],[-47.57092019999993,-22.43637289999998],[-47.570974,-22.436548399999936],[-47.57100849999995,-22.436712299999954],[-47.57103059999997,-22.43684559999997],[-47.57107689999998,-22.43727339999998],[-47.57111629999997,-22.437777],[-47.57116709999997,-22.43827579999993],[-47.57122629999998,-22.438658499999974],[-47.571465099999955,-22.43969069999997],[-47.57165809999998,-22.440552599999933],[-47.57168249999995,-22.440517399999976],[-47.57171359999995,-22.440472799999952],[-47.571744699999954,-22.44042749999994],[-47.57456,-22.43634229999998],[-47.57458379999997,-22.43630769999993],[-47.574607399999934,-22.43627349999997],[-47.57767239999998,-22.431857399999956],[-47.578351699999985,-22.430862099999956],[-47.57866089999993,-22.430422499999963],[-47.57896279999994,-22.42997809999997],[-47.57947229999996,-22.42921389999998],[-47.579863,-22.42864979999996],[-47.58010449999995,-22.42829729999994],[-47.58047209999995,-22.427764]]]}},{"type":"Feature","properties":{"bairro":"Jardim Nova Rio Claro","casos":1,"idade_media":41.0,"custo_total":1702.54,"anos":["2024"],"total_ceps":1,"lat":-22.41139,"lon":-47.56139},"geometry":{"type":"Polygon","coordinates":[[[-47.60270819999994,-22.430637299999944],[-47.60299039999995,-22.429552399999977],[-47.60308209999994,-22.429273799999976],[-47.60286149999996,-22.429276199999947],[-47.60267139999996,-22.429283599999962],[-47.60240769999996,-22.429301099999975],[-47.60210109999997,-22.42932959999996],[-47.60186339999996,-22.429339699999957],[-47.60165779999994,-22.42935559999995],[-47.60148159999994,-22.42938],[-47.60132189999996,-22.429412],[-47.601188099999945,-22.42945069999996],[-47.601031699999965,-22.429498799999976],[-47.60064739999996,-22.429587199999958],[-47.60053919999996,-22.429606599999943],[-47.60048309999996,-22.429609599999935],[-47.60043669999993,-22.42959689999998],[-47.60036539999993,-22.42955589999997],[-47.60029519999995,-22.429490399999963],[-47.60021149999994,-22.429438],[-47.60009469999994,-22.429372799999953],[-47.599962699999935,-22.42932479999996],[-47.599825299999964,-22.429290099999946],[-47.59966769999994,-22.429273699999953],[-47.59939149999997,-22.429294],[-47.59923139999995,-22.42931459999994],[-47.59911829999993,-22.429337699999962],[-47.59899089999993,-22.429367199999945],[-47.59879859999995,-22.429417299999955],[-47.598677899999984,-22.42946189999998],[-47.59847119999995,-22.42955519999998],[-47.59839589999996,-22.429593099999977],[-47.598334299999976,-22.42961669999994],[-47.59824809999998,-22.429642099999967],[-47.597591,-22.42950159999998],[-47.59673509999993,-22.42930949999993],[-47.59587929999998,-22.42912139999993],[-47.595164799999964,-22.428963],[-47.59528839999996,-22.428620699999954],[-47.595356299999935,-22.428407499999935],[-47.59532049999996,-22.42838809999995],[-47.59522819999995,-22.428338199999928],[-47.59506,-22.42822689999997],[-47.59484589999994,-22.42810869999994],[-47.59477439999995,-22.428108599999973],[-47.59463929999998,-22.42812109999994],[-47.594370099999935,-22.42806319999994],[-47.594190399999945,-22.42805489999995],[-47.59400519999997,-22.428075099999944],[-47.59387359999994,-22.428142199999968],[-47.59371009999995,-22.42811379999995],[-47.59354549999995,-22.42812589999994],[-47.59345929999995,-22.428245299999958],[-47.593327,-22.428280899999947],[-47.59311809999997,-22.428319699999975],[-47.592919,-22.428339799999947],[-47.59268469999995,-22.428292099999965],[-47.592520099999945,-22.428252099999952],[-47.59239189999994,-22.428151199999945],[-47.59225559999993,-22.428023],[-47.592165799999975,-22.42797269999994],[-47.592024899999956,-22.427963199999965],[-47.59182979999997,-22.428008199999965],[-47.591655499999945,-22.428100299999983],[-47.59148,-22.428151],[-47.59126749999996,-22.428181799999948],[-47.591155699999945,-22.428208499999982],[-47.59108659999998,-22.42827239999997],[-47.591043199999945,-22.428354799999966],[-47.59093749999994,-22.428531799999973],[-47.59095129999997,-22.428689799999972],[-47.590982199999985,-22.428833699999927],[-47.59108359999993,-22.42903069999994],[-47.591180399999985,-22.42920829999997],[-47.59126289999995,-22.42938819999995],[-47.59131929999995,-22.429506499999945],[-47.591425699999945,-22.429639],[-47.591581599999984,-22.42981949999995],[-47.591638899999964,-22.429927499999962],[-47.591649899999936,-22.43000669999998],[-47.591656,-22.430065799999966],[-47.591660299999944,-22.43010759999993],[-47.591661399999964,-22.430148799999927],[-47.591699,-22.430345099999954],[-47.59178769999994,-22.43062509999993],[-47.59183869999998,-22.430757099999937],[-47.59187779999996,-22.43092219999994],[-47.59189859999998,-22.431143],[-47.59192879999995,-22.431361599999946],[-47.592005,-22.431637799999976],[-47.592042799999945,-22.431826099999967],[-47.592147299999965,-22.432029099999966],[-47.59229179999994,-22.432182199999943],[-47.592566799999986,-22.432438799999943],[-47.59279429999998,-22.43264339999996],[-47.593166,-22.43289729999998],[-47.593557499999974,-22.43312459999993],[-47.593986,-22.43336309999995],[-47.59432489999995,-22.43355589999993],[-47.594990199999984,-22.434015699999975],[-47.59535119999998,-22.434132499999976],[-47.59552149999996,-22.434137499999963],[-47.595786799999985,-22.433107],[-47.595829,-22.43315229999996],[-47.595875099999944,-22.433177599999965],[-47.596335,-22.433222899999976],[-47.59846929999998,-22.433508699999948],[-47.601557199999945,-22.434024699999952],[-47.601597,-22.43403349999994],[-47.60165069999994,-22.433908799999983],[-47.60192219999993,-22.433150599999976],[-47.60205879999995,-22.432798399999967],[-47.602305,-22.432225],[-47.60237659999996,-22.43200769999993],[-47.60268729999996,-22.430723799999953],[-47.60270819999994,-22.430637299999944]]]}},{"type":"Feature","properties":{"bairro":"Jardim Santa Maria","casos":3,"idade_media":49.0,"custo_total":9285.45,"anos":"['2021' '2022' '2023']","total_ceps":3,"lat":-22.41139,"lon":-47.56139},"geometry":{"type":"Polygon","coordinates":[[[-47.58246379999997,-22.383775],[-47.58575879999995,-22.38337389999998],[-47.58579849999995,-22.38336909999998],[-47.585838199999955,-22.38336419999996],[-47.58597149999997,-22.383348099999978],[-47.58602939999997,-22.38334109999994],[-47.58608949999996,-22.383333799999946],[-47.587465099999974,-22.38316619999995],[-47.587882899999954,-22.383124],[-47.58809219999995,-22.383122499999956],[-47.588140899999985,-22.383122199999946],[-47.588189099999965,-22.38312149999996],[-47.588252899999986,-22.38312069999995],[-47.588682,-22.383172399999978],[-47.58903369999996,-22.38326859999995],[-47.58941009999995,-22.383438399999932],[-47.58958359999997,-22.382625399999938],[-47.589979899999946,-22.38184609999996],[-47.590599699999984,-22.381306199999983],[-47.592429299999935,-22.38050709999993],[-47.592845,-22.38031929999994],[-47.59323819999997,-22.380139799999938],[-47.595273299999974,-22.379178799999977],[-47.595502599999975,-22.379074299999957],[-47.59736829999997,-22.378227599999946],[-47.597460299999966,-22.37809989999994],[-47.597547,-22.377964],[-47.59755809999996,-22.377879899999982],[-47.597524,-22.377763699999946],[-47.59743809999998,-22.37767409999998],[-47.59731019999998,-22.37758919999993],[-47.59719629999995,-22.377463099999943],[-47.59713869999996,-22.37735329999998],[-47.59709579999998,-22.377179499999954],[-47.597087699999975,-22.376999499999954],[-47.59711949999996,-22.376796399999932],[-47.59712229999997,-22.376513399999965],[-47.59711239999996,-22.375985399999934],[-47.59712849999994,-22.37570869999996],[-47.597171199999934,-22.37551469999994],[-47.59717519999998,-22.375391599999944],[-47.59713839999995,-22.375253],[-47.597086,-22.375092499999937],[-47.596937399999945,-22.374801599999955],[-47.59680629999997,-22.374535399999957],[-47.59668549999998,-22.374378199999967],[-47.596538899999985,-22.37423],[-47.596422099999984,-22.37414519999993],[-47.59627549999993,-22.37408709999994],[-47.59610729999997,-22.37408439999996],[-47.595902799999976,-22.374086199999965],[-47.595732699999985,-22.374112899999943],[-47.59560469999997,-22.374177799999927],[-47.595495899999946,-22.374286299999937],[-47.59546,-22.374439199999927],[-47.595487,-22.374639299999956],[-47.59553179999995,-22.374760099999946],[-47.59553469999997,-22.37484889999996],[-47.595465,-22.374981],[-47.59537,-22.375037799999973],[-47.59524049999993,-22.37506989999997],[-47.59512529999995,-22.37503209999994],[-47.595024199999955,-22.374907899999982],[-47.59488,-22.374369799999954],[-47.59487309999997,-22.37422859999998],[-47.59487359999997,-22.374058799999943],[-47.59488649999997,-22.373946199999978],[-47.59492529999994,-22.37386319999996],[-47.59504049999998,-22.373814099999947],[-47.59514489999998,-22.37383879999993],[-47.595276299999966,-22.37396309999997],[-47.59537859999995,-22.374020599999938],[-47.59546259999996,-22.37397949999996],[-47.59555469999998,-22.37386829999997],[-47.595622299999945,-22.373689399999932],[-47.59564869999997,-22.37356159999996],[-47.59566129999996,-22.373406399999965],[-47.59567439999995,-22.373225799999943],[-47.59567479999998,-22.373101899999938],[-47.59564229999995,-22.373024199999975],[-47.59558139999996,-22.372998],[-47.595467,-22.372996299999954],[-47.595362199999954,-22.37305559999993],[-47.59523809999996,-22.373140599999942],[-47.595141799999965,-22.37314429999998],[-47.59500329999997,-22.373091699999975],[-47.59493549999996,-22.372973299999956],[-47.594837,-22.372699],[-47.59474269999998,-22.372543399999927],[-47.59469,-22.372477],[-47.594591,-22.372391299999947],[-47.59451859999996,-22.372358599999927],[-47.594473,-22.372350899999958],[-47.59443179999994,-22.372343899999976],[-47.59438679999994,-22.372348399999964],[-47.59432929999997,-22.37235419999996],[-47.594195199999945,-22.372446199999956],[-47.594096,-22.372514],[-47.594005,-22.37252],[-47.59391,-22.372503],[-47.593804,-22.372414],[-47.593697,-22.372318],[-47.593593,-22.372253],[-47.593415499999935,-22.37207],[-47.593201499999964,-22.371903799999927],[-47.59293319999995,-22.371766299999933],[-47.59280979999994,-22.37168379999997],[-47.59268549999996,-22.37164279999996],[-47.59254729999998,-22.37166579999996],[-47.592440099999976,-22.371773399999938],[-47.59229309999995,-22.37193949999994],[-47.59220069999998,-22.37206489999994],[-47.592040199999985,-22.372209699999928],[-47.591893599999935,-22.37230619999997],[-47.591749799999945,-22.372356799999977],[-47.591626099999985,-22.37237239999996],[-47.59155339999995,-22.372329199999967],[-47.59157419999997,-22.372249799999963],[-47.591677499999946,-22.372165199999927],[-47.591702199999986,-22.372081799999933],[-47.59162639999994,-22.37199819999995],[-47.59150839999995,-22.371979799999963],[-47.59135289999995,-22.372002],[-47.591187599999955,-22.371982499999945],[-47.591083899999944,-22.371904299999983],[-47.591057699999965,-22.37179939999993],[-47.591091699999936,-22.371723799999927],[-47.591228899999976,-22.371604499999933],[-47.591269299999965,-22.37151929999993],[-47.591258,-22.371419499999945],[-47.59120849999994,-22.371313399999963],[-47.59090589999994,-22.37114689999993],[-47.590724799999975,-22.37108879999994],[-47.59057949999993,-22.371117899999945],[-47.59047489999995,-22.371253599999932],[-47.590388,-22.371334699999977],[-47.59027889999993,-22.37139959999996],[-47.59017319999998,-22.37134519999995],[-47.58998669999994,-22.371223],[-47.589872699999944,-22.37116569999995],[-47.58974829999994,-22.37112259999998],[-47.58963589999996,-22.371147699999938],[-47.58946219999996,-22.37127419999996],[-47.58932939999994,-22.37139529999996],[-47.58922959999995,-22.37142339999997],[-47.589095199999974,-22.371388499999966],[-47.588962599999945,-22.37129509999994],[-47.588793399999986,-22.371218299999953],[-47.58862289999996,-22.371223],[-47.58849879999997,-22.371152499999937],[-47.58835609999994,-22.371122699999944],[-47.588208099999974,-22.37109879999997],[-47.588117799999964,-22.371042099999954],[-47.588045299999976,-22.370959899999946],[-47.58804739999994,-22.370877699999937],[-47.588131299999986,-22.370801099999937],[-47.588243199999965,-22.37071179999998],[-47.588278,-22.370593],[-47.588224699999955,-22.370483299999933],[-47.58808289999996,-22.370337],[-47.58790579999993,-22.37024279999997],[-47.587675399999966,-22.37016109999996],[-47.587455499999976,-22.370059499999968],[-47.587302199999954,-22.370007199999975],[-47.587141,-22.37001719999995],[-47.58695149999994,-22.36999919999994],[-47.586891399999956,-22.369924399999945],[-47.58690279999996,-22.369836],[-47.586994499999946,-22.36975039999993],[-47.587139,-22.369650399999955],[-47.58726059999998,-22.369528099999968],[-47.58730469999995,-22.369404],[-47.587328499999956,-22.369304099999965],[-47.58735079999997,-22.369143399999928],[-47.587401399999976,-22.36902189999995],[-47.58748879999996,-22.368876499999942],[-47.58758289999997,-22.368777799999975],[-47.58767369999998,-22.368646499999954],[-47.58774319999998,-22.368574299999977],[-47.58786619999995,-22.368539],[-47.58793659999998,-22.368614],[-47.588012499999934,-22.368784699999935],[-47.588090499999964,-22.368950299999938],[-47.58819109999996,-22.368975099999943],[-47.588279099999966,-22.368903099999955],[-47.588303,-22.36879],[-47.58834889999997,-22.368569099999945],[-47.58836759999997,-22.368483499999968],[-47.58832179999996,-22.368405799999948],[-47.58823689999997,-22.36836859999994],[-47.588107899999954,-22.368345499999975],[-47.58798269999994,-22.368281599999932],[-47.58783479999994,-22.36815379999996],[-47.58774409999995,-22.36801449999996],[-47.58770939999994,-22.367862199999934],[-47.58768,-22.367718],[-47.587728099999936,-22.367480299999954],[-47.58780079999997,-22.36736259999998],[-47.58788409999994,-22.367305099999953],[-47.588001,-22.367295],[-47.58814709999996,-22.36724659999993],[-47.58821689999996,-22.367169399999966],[-47.58819879999993,-22.367071499999952],[-47.588116699999944,-22.36699079999994],[-47.58788519999996,-22.366884],[-47.58779879999997,-22.366787199999976],[-47.58776489999997,-22.366642399999932],[-47.58779009999995,-22.36637339999993],[-47.587792699999966,-22.366090699999972],[-47.58776659999995,-22.365939399999945],[-47.587676399999964,-22.36580809999998],[-47.58752459999994,-22.365634799999953],[-47.58740769999997,-22.365547299999946],[-47.58737279999997,-22.365521199999932],[-47.58679479999995,-22.367934899999966],[-47.58671149999998,-22.368180699999982],[-47.586584399999936,-22.368398799999966],[-47.58609919999998,-22.36906659999994],[-47.585551099999975,-22.36968269999994],[-47.58434289999997,-22.370947899999976],[-47.583398,-22.371960099999967],[-47.58319209999996,-22.37218059999998],[-47.582979499999965,-22.37241789999996],[-47.582821,-22.372581099999934],[-47.58189029999994,-22.37357449999996],[-47.58101849999997,-22.374514099999942],[-47.58053079999996,-22.37504789999997],[-47.58006369999998,-22.375533099999927],[-47.579817799999944,-22.375808399999983],[-47.57931789999998,-22.376335599999948],[-47.579154399999936,-22.376506399999982],[-47.578947,-22.376727899999935],[-47.57872349999997,-22.37697079999998],[-47.578651599999944,-22.37704259999998],[-47.578526299999965,-22.377151899999944],[-47.57848579999995,-22.37718689999997],[-47.578440599999965,-22.377218699999958],[-47.57839749999994,-22.377244899999937],[-47.57831109999995,-22.377293099999974],[-47.57827819999994,-22.37731],[-47.578218499999934,-22.37734039999998],[-47.57810059999997,-22.37738879999995],[-47.57798839999998,-22.377425],[-47.577952299999936,-22.377436],[-47.57792249999994,-22.37744349999997],[-47.577832299999955,-22.377463899999952],[-47.57780119999995,-22.37747029999997],[-47.57776149999995,-22.37747859999996],[-47.577722499999936,-22.377489699999956],[-47.577549799999986,-22.377539],[-47.57744229999997,-22.377594899999963],[-47.577409399999965,-22.377613099999962],[-47.577374599999985,-22.377632799999958],[-47.57730989999993,-22.37767159999993],[-47.57713559999996,-22.377777399999957],[-47.57697109999998,-22.377889599999946],[-47.57678869999995,-22.378048599999943],[-47.576683499999945,-22.378165799999977],[-47.57657389999997,-22.378300699999954],[-47.576499199999944,-22.378407599999946],[-47.57643139999993,-22.378518199999974],[-47.576388099999974,-22.37859919999994],[-47.57637959999994,-22.378615899999943],[-47.576342599999975,-22.37869379999995],[-47.576303199999984,-22.378782099999967],[-47.576293599999985,-22.378803199999936],[-47.57627679999996,-22.37884029999998],[-47.57625989999997,-22.378878399999962],[-47.576251799999966,-22.37889619999993],[-47.57539319999995,-22.38067469999993],[-47.57537579999996,-22.38071059999993],[-47.575358499999936,-22.380746899999963],[-47.574950799999954,-22.381597],[-47.574444599999936,-22.382647899999938],[-47.574193599999944,-22.383194899999978],[-47.57421029999995,-22.38320209999995],[-47.57424709999998,-22.383218],[-47.57562759999996,-22.38380189999998],[-47.57586659999998,-22.383253],[-47.57591219999995,-22.38316619999995],[-47.576386199999945,-22.38339549999995],[-47.576431799999966,-22.38342229999995],[-47.57717239999994,-22.38190659999998],[-47.57722259999997,-22.381916599999954],[-47.577574899999945,-22.381986599999948],[-47.580207299999984,-22.38254079999996],[-47.58039189999994,-22.382713399999943],[-47.58040369999998,-22.382863099999952],[-47.580428799999936,-22.383020099999953],[-47.580416,-22.383121899999935],[-47.580416799999966,-22.38326],[-47.58041039999995,-22.383473899999956],[-47.58048059999993,-22.383668],[-47.58061159999994,-22.383677399999954],[-47.580768399999954,-22.383709299999964],[-47.58093239999994,-22.383761],[-47.580944399999964,-22.38396],[-47.580984299999955,-22.383955199999946],[-47.58246379999997,-22.383775]]]}},{"type":"Feature","properties":{"bairro":"Jardim São Paulo","casos":7,"idade_media":48.0,"custo_total":17340.15,"anos":"['2021' '2022' '2023' '2025']","total_ceps":6,"lat":-22.41139,"lon":-47.56139},"geometry":{"type":"Polygon","coordinates":[[[-47.58122519999995,-22.41424619999998],[-47.58154029999997,-22.41385159999993],[-47.58287919999998,-22.412297299999977],[-47.58382069999993,-22.41122009999998],[-47.58426079999998,-22.410707799999955],[-47.588609099999985,-22.405646899999965],[-47.58864459999995,-22.40560549999998],[-47.588680899999986,-22.405563599999937],[-47.59622909999996,-22.396819799999946],[-47.59611369999993,-22.39677009999997],[-47.596037,-22.396736199999964],[-47.59589519999997,-22.396744399999932],[-47.59558419999996,-22.39694439999994],[-47.595538499999975,-22.396968799999968],[-47.595493199999964,-22.396990699999947],[-47.59512829999994,-22.397125399999936],[-47.595073499999955,-22.397145],[-47.59473809999997,-22.397256099999936],[-47.59470209999995,-22.39726969999998],[-47.59466759999998,-22.397284499999955],[-47.59445409999995,-22.397392899999943],[-47.59429849999998,-22.397477],[-47.59415089999993,-22.397557399999982],[-47.59392219999995,-22.397722],[-47.593796699999984,-22.397820699999954],[-47.593692799999985,-22.397924299999943],[-47.592936899999984,-22.398682699999938],[-47.59256839999995,-22.399122099999943],[-47.591733,-22.399957299999983],[-47.59162589999994,-22.40005],[-47.59146909999998,-22.400166399999932],[-47.59127479999995,-22.40029519999996],[-47.59104979999995,-22.400425299999938],[-47.590863799999966,-22.40052359999993],[-47.590639299999964,-22.400642499999947],[-47.59043559999998,-22.400739399999964],[-47.59007839999998,-22.400902299999927],[-47.58986079999994,-22.400996],[-47.589648599999975,-22.40106979999996],[-47.58946039999995,-22.40110889999994],[-47.589282099999934,-22.40114539999996],[-47.589183899999966,-22.401152],[-47.58911139999998,-22.401156699999945],[-47.58899909999997,-22.401156199999946],[-47.58888069999995,-22.401151899999945],[-47.58873579999994,-22.401139099999966],[-47.58852849999994,-22.401120799999944],[-47.588361599999985,-22.401104],[-47.58813259999994,-22.40107679999994],[-47.58794009999997,-22.401055],[-47.587724299999934,-22.40102449999995],[-47.58765509999995,-22.401026199999933],[-47.58759229999998,-22.401029499999936],[-47.587532299999964,-22.40103929999998],[-47.58747959999994,-22.40106009999994],[-47.587441,-22.401081399999953],[-47.58742449999994,-22.40109289999998],[-47.587393299999974,-22.401114699999937],[-47.587351,-22.40114319999998],[-47.587296099999946,-22.40115579999997],[-47.58723939999993,-22.401145799999938],[-47.587203699999975,-22.401124799999934],[-47.58717059999998,-22.401094199999932],[-47.58714939999993,-22.401022],[-47.58711709999994,-22.400971],[-47.58707789999994,-22.40092519999996],[-47.587102,-22.400876899999957],[-47.58704279999995,-22.400851299999943],[-47.58698439999995,-22.400829899999962],[-47.58692449999995,-22.400809399999957],[-47.586568899999975,-22.400687499999947],[-47.586400399999945,-22.40065],[-47.586177299999974,-22.400629299999935],[-47.58546639999997,-22.400576899999976],[-47.58461139999997,-22.400513899999964],[-47.58442269999995,-22.400531599999965],[-47.58416109999996,-22.400580299999945],[-47.582807199999934,-22.400832899999955],[-47.582649799999956,-22.400861799999973],[-47.582493399999976,-22.400873299999944],[-47.582232199999964,-22.40088149999997],[-47.580361299999936,-22.400776699999938],[-47.580069899999955,-22.400758699999983],[-47.57978989999998,-22.400728199999946],[-47.57960289999994,-22.400695199999973],[-47.57902319999994,-22.400487299999952],[-47.57893149999995,-22.40045509999993],[-47.577996,-22.400123],[-47.57788019999998,-22.40010549999994],[-47.57785219999994,-22.40010159999997],[-47.577758,-22.400093399999946],[-47.577077799999984,-22.40008339999997],[-47.57671579999993,-22.40007849999995],[-47.57611069999996,-22.400076199999944],[-47.57604119999996,-22.40007289999994],[-47.57595269999996,-22.400067899999954],[-47.57589569999993,-22.400065],[-47.57581179999994,-22.400059899999974],[-47.575691699999936,-22.40005659999997],[-47.57558809999995,-22.400066399999957],[-47.57552009999995,-22.400077299999964],[-47.57545609999994,-22.400087799999937],[-47.57543309999994,-22.400139099999933],[-47.57541869999994,-22.40017169999993],[-47.57494759999997,-22.401292499999954],[-47.57493979999998,-22.401311299999975],[-47.57492389999993,-22.401349099999948],[-47.57491369999997,-22.401373299999932],[-47.57457889999995,-22.402194399999928],[-47.57456369999994,-22.40223169999996],[-47.57454809999996,-22.402269199999978],[-47.574197899999945,-22.403109299999983],[-47.57418209999997,-22.403147399999966],[-47.57416639999997,-22.403185099999973],[-47.57354429999998,-22.40468359999994],[-47.57352819999994,-22.404722299999946],[-47.57351309999996,-22.404759599999977],[-47.57327589999994,-22.405342899999937],[-47.572918,-22.406245],[-47.57286929999998,-22.406368399999963],[-47.57279379999994,-22.406600099999935],[-47.572781299999974,-22.40664],[-47.57277,-22.406673199999943],[-47.572738399999935,-22.40677],[-47.57269389999993,-22.40685869999993],[-47.572676,-22.406894499999964],[-47.57265689999997,-22.40693079999994],[-47.57259229999994,-22.40704409999995],[-47.57251119999995,-22.40720719999996],[-47.572505099999944,-22.40722139999997],[-47.572366099999954,-22.40756179999994],[-47.57234989999995,-22.407601399999976],[-47.572334799999965,-22.407636799999977],[-47.57226459999998,-22.407802199999935],[-47.57200979999993,-22.408425299999976],[-47.571564199999955,-22.409481699999958],[-47.571540099999936,-22.409541799999943],[-47.57152519999994,-22.409579],[-47.571506099999965,-22.409625799999958],[-47.571143699999936,-22.41051189999996],[-47.571126799999945,-22.41055339999997],[-47.57111149999997,-22.41058979999997],[-47.57079,-22.411356499999954],[-47.570772799999986,-22.41139759999993],[-47.57075709999998,-22.411435],[-47.570465,-22.412134399999957],[-47.57044929999995,-22.412172],[-47.570444399999985,-22.412183599999935],[-47.57043369999997,-22.41220839999994],[-47.570420199999944,-22.412239599999964],[-47.57039619999995,-22.412296099999935],[-47.57033789999997,-22.412432399999943],[-47.57006569999993,-22.41314879999993],[-47.570009,-22.413269],[-47.56997549999994,-22.413338299999964],[-47.569928199999936,-22.413435899999968],[-47.56990939999997,-22.413474699999938],[-47.569888599999956,-22.413517799999966],[-47.569884599999966,-22.41353309999994],[-47.56998169999997,-22.41363769999998],[-47.570024399999966,-22.413677099999973],[-47.570051399999954,-22.413702099999966],[-47.570081699999946,-22.413728799999944],[-47.57032589999994,-22.413922799999966],[-47.57048669999995,-22.41403239999994],[-47.571678599999984,-22.414728599999933],[-47.57227029999996,-22.41519089999997],[-47.57379989999998,-22.416376399999933],[-47.57383189999996,-22.41640129999996],[-47.57386329999997,-22.416425599999968],[-47.57464809999993,-22.417031],[-47.57480849999996,-22.417192],[-47.574861399999975,-22.417253899999935],[-47.57488749999993,-22.41728439999997],[-47.57491459999994,-22.417315299999927],[-47.57509479999993,-22.417507199999932],[-47.575236,-22.417646399999967],[-47.57526389999998,-22.417673899999954],[-47.575292899999965,-22.417703],[-47.57548069999996,-22.417883699999948],[-47.57579419999996,-22.418225],[-47.576101,-22.41853649999996],[-47.57674659999998,-22.419146199999943],[-47.57692089999995,-22.419335099999955],[-47.57694969999994,-22.419362099999944],[-47.57698149999993,-22.419388],[-47.577064,-22.419455099999936],[-47.577179299999955,-22.41952189999995],[-47.577251399999966,-22.419561699999974],[-47.577288599999974,-22.419582299999945],[-47.57732509999994,-22.41959769999994],[-47.57747969999997,-22.419662899999935],[-47.57774009999997,-22.419776399999932],[-47.57867569999996,-22.417993399999943],[-47.57905819999996,-22.417345599999976],[-47.57966729999998,-22.41636879999993],[-47.58079559999993,-22.414780699999937],[-47.58122519999995,-22.41424619999998]]]}},{"type":"Feature","properties":{"bairro":"Jardim das Paineiras","casos":1,"idade_media":58.0,"custo_total":2628.21,"anos":["2024"],"total_ceps":1,"lat":-22.41139,"lon":-47.56139},"geometry":{"type":"Polygon","coordinates":[[[-47.58574379999993,-22.436662],[-47.58649719999994,-22.435621499999968],[-47.58821459999996,-22.433114899999964],[-47.588266199999964,-22.433039599999972],[-47.588931,-22.432098],[-47.58896039999996,-22.43203929999993],[-47.588969,-22.43197429999998],[-47.589008099999944,-22.431966199999977],[-47.59192879999995,-22.431361599999946],[-47.59189859999998,-22.431143],[-47.59187779999996,-22.43092219999994],[-47.59183869999998,-22.430757099999937],[-47.59178769999994,-22.43062509999993],[-47.591699,-22.430345099999954],[-47.591661399999964,-22.430148799999927],[-47.591660299999944,-22.43010759999993],[-47.591656,-22.430065799999966],[-47.591649899999936,-22.43000669999998],[-47.591638899999964,-22.429927499999962],[-47.591581599999984,-22.42981949999995],[-47.591425699999945,-22.429639],[-47.59131929999995,-22.429506499999945],[-47.59126289999995,-22.42938819999995],[-47.591180399999985,-22.42920829999997],[-47.59108359999993,-22.42903069999994],[-47.590982199999985,-22.428833699999927],[-47.59095129999997,-22.428689799999972],[-47.59093749999994,-22.428531799999973],[-47.591043199999945,-22.428354799999966],[-47.59108659999998,-22.42827239999997],[-47.591155699999945,-22.428208499999982],[-47.59126749999996,-22.428181799999948],[-47.59148,-22.428151],[-47.591655499999945,-22.428100299999983],[-47.59182979999997,-22.428008199999965],[-47.592024899999956,-22.427963199999965],[-47.592165799999975,-22.42797269999994],[-47.59225559999993,-22.428023],[-47.59239189999994,-22.428151199999945],[-47.592520099999945,-22.428252099999952],[-47.59268469999995,-22.428292099999965],[-47.592919,-22.428339799999947],[-47.59311809999997,-22.428319699999975],[-47.593327,-22.428280899999947],[-47.59345929999995,-22.428245299999958],[-47.59354549999995,-22.42812589999994],[-47.593547299999955,-22.428071],[-47.593485699999974,-22.42801149999997],[-47.593417199999976,-22.427971499999956],[-47.59337519999997,-22.427922],[-47.59336979999995,-22.427844299999947],[-47.59338769999994,-22.427782399999955],[-47.59344209999995,-22.427692699999966],[-47.593527,-22.427614799999958],[-47.59364689999995,-22.42756259999993],[-47.59380809999993,-22.42753879999998],[-47.593944499999964,-22.42754659999997],[-47.59406539999998,-22.42759979999994],[-47.59421549999996,-22.427715599999942],[-47.59436869999996,-22.427793],[-47.594512,-22.42786339999998],[-47.59461109999995,-22.427867499999934],[-47.594692399999985,-22.42784249999994],[-47.594758199999944,-22.427783399999953],[-47.59478859999996,-22.42770829999995],[-47.59478919999998,-22.427604],[-47.59477529999998,-22.42751629999998],[-47.59472519999997,-22.42744529999993],[-47.594650599999966,-22.427419499999928],[-47.594494399999974,-22.427405199999953],[-47.594295,-22.427393],[-47.59418839999995,-22.42736979999995],[-47.59410809999997,-22.42730819999997],[-47.59406659999996,-22.427200899999946],[-47.594024599999955,-22.427081699999974],[-47.593966799999976,-22.42697359999994],[-47.59392349999996,-22.426845799999967],[-47.59390369999994,-22.42674009999996],[-47.59392709999997,-22.426625399999978],[-47.594023,-22.426541699999973],[-47.59415439999998,-22.426454599999943],[-47.594293,-22.426362299999937],[-47.594412499999976,-22.42632329999998],[-47.59456239999997,-22.426292],[-47.594687499999964,-22.42622819999997],[-47.59475029999993,-22.42615029999996],[-47.594779899999935,-22.42603829999996],[-47.594780399999934,-22.425943899999936],[-47.594760399999984,-22.425859299999956],[-47.59467009999997,-22.42578439999994],[-47.594543699999974,-22.425710099999947],[-47.59446189999994,-22.425557199999957],[-47.59434749999997,-22.42544209999994],[-47.594280099999935,-22.425359399999934],[-47.594241299999965,-22.42523259999996],[-47.59421929999996,-22.425039],[-47.59417639999998,-22.424911399999928],[-47.59401459999998,-22.42468249999996],[-47.59374159999993,-22.424309799999946],[-47.593662,-22.424132399999962],[-47.593629,-22.423991499999943],[-47.593629599999986,-22.423818299999937],[-47.59366159999996,-22.423537299999964],[-47.59372,-22.423221299999966],[-47.593743,-22.42293049999995],[-47.59378269999996,-22.42277349999995],[-47.593888,-22.422694899999954],[-47.59392929999996,-22.42267879999997],[-47.59384309999996,-22.422597399999972],[-47.593777399999965,-22.422526199999936],[-47.59369309999994,-22.42247169999996],[-47.593592599999965,-22.422418299999947],[-47.59335839999994,-22.422312499999975],[-47.59313019999996,-22.42219819999997],[-47.59198459999993,-22.42148889999993],[-47.591825599999936,-22.42138549999993],[-47.59122019999995,-22.420972699999936],[-47.591126,-22.420930099999964],[-47.59101609999993,-22.42089939999994],[-47.59060119999998,-22.42083269999995],[-47.59036619999995,-22.420799199999976],[-47.58853129999994,-22.42042239999995],[-47.58842929999997,-22.42040869999994],[-47.58833409999994,-22.42040609999998],[-47.588229,-22.420424099999934],[-47.58806789999994,-22.420476899999983],[-47.58668449999993,-22.42112309999993],[-47.58648619999997,-22.42121389999994],[-47.586368799999946,-22.421267599999965],[-47.586244,-22.421314199999927],[-47.586123499999985,-22.421335299999953],[-47.58601,-22.421341299999938],[-47.58588519999995,-22.421335599999964],[-47.58575029999997,-22.42131379999995],[-47.58563669999995,-22.421284299999968],[-47.58553669999998,-22.42123779999997],[-47.585428899999954,-22.42118679999993],[-47.58513569999997,-22.420996199999934],[-47.585112899999956,-22.42102929999993],[-47.58182379999994,-22.425802399999952],[-47.58047209999995,-22.427764],[-47.58010449999995,-22.42829729999994],[-47.579863,-22.42864979999996],[-47.57947229999996,-22.42921389999998],[-47.57896279999994,-22.42997809999997],[-47.57866089999993,-22.430422499999963],[-47.578351699999985,-22.430862099999956],[-47.57876159999995,-22.431168199999945],[-47.57871189999997,-22.43137029999997],[-47.57865879999997,-22.43144479999995],[-47.578624,-22.431526099999928],[-47.57858769999996,-22.431673899999964],[-47.57853329999995,-22.431817799999976],[-47.57840009999995,-22.432383399999935],[-47.57825809999997,-22.432542099999978],[-47.57811419999996,-22.432693],[-47.57797759999994,-22.432851599999935],[-47.577806,-22.433073899999954],[-47.57773649999996,-22.43317209999998],[-47.57741269999997,-22.43366569999995],[-47.57811549999997,-22.433774899999946],[-47.57814949999994,-22.433780699999943],[-47.57968479999994,-22.434106],[-47.58094029999995,-22.434369],[-47.58144029999994,-22.434474699999953],[-47.58236589999996,-22.434667599999955],[-47.582423,-22.434676499999966],[-47.582419399999935,-22.43471549999998],[-47.58238659999995,-22.435052799999937],[-47.58238129999995,-22.435107699999946],[-47.582373,-22.435193099999935],[-47.58229549999993,-22.435992],[-47.58226149999996,-22.436315099999945],[-47.58226789999998,-22.436367899999937],[-47.58229039999998,-22.43655229999996],[-47.58228569999994,-22.436696299999937],[-47.582296,-22.436919299999943],[-47.58231639999997,-22.43713109999993],[-47.58234159999995,-22.43736089999993],[-47.58238449999993,-22.43774609999997],[-47.58242579999995,-22.438105],[-47.58243939999994,-22.43818049999993],[-47.58511459999994,-22.43825259999994],[-47.58857339999997,-22.437233],[-47.58816669999993,-22.436091699999963],[-47.585833399999956,-22.436804499999937],[-47.58579419999995,-22.43681639999994],[-47.58574379999993,-22.436662]]]}},{"type":"Feature","properties":{"bairro":"Parque Mãe Preta","casos":16,"idade_media":55.8,"custo_total":49808.61,"anos":"['2021' '2022' '2023' '2024' '2025']","total_ceps":10,"lat":-22.41139,"lon":-47.56139},"geometry":{"type":"Polygon","coordinates":[[[-47.54257439999998,-22.379813599999977],[-47.542619799999954,-22.379773799999953],[-47.542911499999946,-22.379565399999933],[-47.54240359999994,-22.378903099999945],[-47.54316659999995,-22.37839219999995],[-47.54357339999996,-22.37811709999994],[-47.543414,-22.378026699999964],[-47.544359499999985,-22.377676599999972],[-47.544791,-22.377521],[-47.54494089999997,-22.37747049999996],[-47.54561259999997,-22.37724449999996],[-47.54561529999995,-22.377312699999948],[-47.545655599999975,-22.37729989999997],[-47.54792319999996,-22.37657439999998],[-47.54878279999997,-22.37629949999996],[-47.548887099999945,-22.376274099999932],[-47.54898179999998,-22.376261799999952],[-47.54913869999996,-22.376251199999956],[-47.54930029999997,-22.37622609999994],[-47.54941979999995,-22.376201599999945],[-47.55031329999997,-22.375922799999955],[-47.55144439999998,-22.375570899999957],[-47.552104199999974,-22.37536849999998],[-47.5527,-22.375186],[-47.55334,-22.374986899999953],[-47.55387369999994,-22.374825],[-47.554227699999956,-22.374717199999964],[-47.554346899999985,-22.374676],[-47.55446249999994,-22.37463269999995],[-47.554621199999985,-22.37459549999994],[-47.55472169999996,-22.374568199999942],[-47.55481489999994,-22.374547399999983],[-47.55487949999997,-22.374533],[-47.554978699999936,-22.37452449999995],[-47.55494619999996,-22.37415009999995],[-47.554944699999965,-22.37411019999996],[-47.55493579999995,-22.37387689999997],[-47.55484759999996,-22.373440199999948],[-47.554323,-22.37123669999994],[-47.554313699999966,-22.37119759999996],[-47.554304499999944,-22.371158799999932],[-47.553528,-22.367896499999972],[-47.55351839999997,-22.36785649999996],[-47.55350929999997,-22.367817899999977],[-47.55265579999997,-22.36423309999998],[-47.55264649999998,-22.364194],[-47.55263709999997,-22.364155],[-47.552531699999975,-22.363713899999937],[-47.55240889999993,-22.36373839999993],[-47.552369699999986,-22.363746299999946],[-47.54873729999997,-22.364469799999938],[-47.548649499999954,-22.36449],[-47.54856229999996,-22.364503599999978],[-47.54799889999998,-22.364612199999954],[-47.54795329999996,-22.364620899999977],[-47.54795059999998,-22.36461879999996],[-47.546815899999956,-22.363456199999973],[-47.54603039999995,-22.363631599999962],[-47.546385199999975,-22.365192399999955],[-47.54235309999996,-22.366684],[-47.542166099999974,-22.36634639999994],[-47.54205859999996,-22.366164899999944],[-47.541597199999956,-22.36584629999993],[-47.541250899999966,-22.36555439999995],[-47.54107839999995,-22.36546069999997],[-47.54086029999996,-22.365383599999973],[-47.540679799999964,-22.365294399999982],[-47.54052849999994,-22.36529769999993],[-47.540324699999985,-22.36527979999994],[-47.53978319999993,-22.36517249999997],[-47.539584,-22.365106699999956],[-47.53936519999996,-22.365019],[-47.539189799999974,-22.364946],[-47.53911859999994,-22.36485269999997],[-47.53905219999996,-22.36471709999995],[-47.53897869999997,-22.364556499999935],[-47.538932,-22.36450089999994],[-47.53886389999997,-22.364471899999955],[-47.53841269999998,-22.364422299999944],[-47.538341799999955,-22.364506499999948],[-47.53827559999996,-22.364590799999974],[-47.53824129999998,-22.364668199999983],[-47.53826929999997,-22.364748],[-47.53829909999996,-22.36481139999995],[-47.5383,-22.364872599999956],[-47.53822889999998,-22.364949199999955],[-47.53816329999995,-22.36504259999998],[-47.538084399999946,-22.36516629999994],[-47.53803119999998,-22.36525169999993],[-47.538019,-22.365348499999982],[-47.53798249999994,-22.365416899999957],[-47.537917499999935,-22.365534099999934],[-47.537916199999984,-22.365665499999977],[-47.53793879999995,-22.365781699999957],[-47.53797429999997,-22.36587439999994],[-47.537973799999975,-22.36600679999998],[-47.53794629999993,-22.366130899999973],[-47.537886699999945,-22.366232099999934],[-47.537814899999944,-22.366317399999957],[-47.53773579999995,-22.366409],[-47.53768659999997,-22.36650949999995],[-47.53766909999996,-22.36659149999997],[-47.537618099999975,-22.36669859999995],[-47.53755149999995,-22.366797],[-47.537493,-22.366894299999956],[-47.537481199999945,-22.366976399999942],[-47.537508199999934,-22.36705139999998],[-47.53752989999998,-22.367121],[-47.537517299999934,-22.367236],[-47.53749329999994,-22.367358399999944],[-47.537437,-22.36751359999994],[-47.537332299999946,-22.367655799999966],[-47.537202699999966,-22.367789399999936],[-47.537022,-22.367954699999927],[-47.53691239999995,-22.36810559999998],[-47.53689039999995,-22.368193899999937],[-47.536816499999986,-22.368457699999965],[-47.53676219999994,-22.368635799999936],[-47.536671199999944,-22.368809099999964],[-47.53652519999997,-22.369029799999964],[-47.53636679999994,-22.369149899999968],[-47.536207599999955,-22.369245199999966],[-47.536023,-22.36932349999995],[-47.53590719999994,-22.369353199999978],[-47.535810599999934,-22.36939289999998],[-47.53573129999995,-22.369452299999978],[-47.53573,-22.369519699999955],[-47.53574629999997,-22.369587],[-47.53572449999996,-22.36964089999998],[-47.53562449999998,-22.36968959999996],[-47.53551259999995,-22.369739099999947],[-47.53546249999994,-22.369799499999942],[-47.535465699999975,-22.369856699999957],[-47.53548049999995,-22.369925099999932],[-47.53553739999995,-22.370033399999954],[-47.535555699999975,-22.37016109999996],[-47.53555979999993,-22.370235099999945],[-47.53556229999998,-22.370280399999956],[-47.535554899999966,-22.370321199999978],[-47.535533,-22.37044129999998],[-47.53546149999994,-22.370810699999936],[-47.53544119999998,-22.370877099999973],[-47.535393099999965,-22.370901],[-47.53531849999996,-22.370883299999946],[-47.535215799999946,-22.37084249999998],[-47.53512109999997,-22.37078429999997],[-47.53505789999997,-22.37078459999998],[-47.53493879999996,-22.370875599999977],[-47.53485569999998,-22.370976799999937],[-47.53483829999993,-22.371096799999975],[-47.534844599999985,-22.371215099999972],[-47.534880199999975,-22.37131379999994],[-47.534897599999965,-22.371401499999934],[-47.53486929999997,-22.37144049999995],[-47.534828499999946,-22.37148979999995],[-47.53481539999996,-22.371579099999963],[-47.53484479999997,-22.371662199999946],[-47.534826599999974,-22.371705299999974],[-47.53481649999998,-22.371751699999948],[-47.53481549999998,-22.37181709999993],[-47.53477329999998,-22.371926],[-47.534716799999956,-22.37202419999994],[-47.534627099999966,-22.37209919999998],[-47.534556099999975,-22.37214819999997],[-47.53450319999996,-22.37219749999997],[-47.53449679999994,-22.37228769999996],[-47.53449479999995,-22.372397899999953],[-47.53449479999995,-22.37254969999998],[-47.53451839999997,-22.372629099999983],[-47.534587399999964,-22.372714799999983],[-47.53460759999996,-22.372789199999943],[-47.534650599999964,-22.37294739999993],[-47.53465749999998,-22.373046399999964],[-47.53463859999994,-22.373179599999958],[-47.534602,-22.373265699999934],[-47.53453779999995,-22.37325329999993],[-47.534471,-22.373214099999927],[-47.534421,-22.37321],[-47.53432539999994,-22.373283],[-47.53431559999996,-22.373384899999962],[-47.53431729999994,-22.373465799999963],[-47.53430549999996,-22.37358749999993],[-47.53425219999997,-22.373682199999962],[-47.53419439999993,-22.373814099999947],[-47.53413309999996,-22.374012799999946],[-47.53411939999995,-22.374123099999963],[-47.534028399999954,-22.37420659999998],[-47.53389709999993,-22.37428019999993],[-47.533812,-22.37435849999997],[-47.53378769999995,-22.374449099999936],[-47.53380619999996,-22.37456359999993],[-47.53382439999996,-22.37468249999995],[-47.53380309999994,-22.37483039999995],[-47.533770499999946,-22.37500639999996],[-47.53375059999996,-22.37510409999993],[-47.533766699999944,-22.37518659999995],[-47.53379249999995,-22.375312299999962],[-47.53386619999998,-22.375367899999958],[-47.533867199999975,-22.37541649999997],[-47.53377489999997,-22.375580599999978],[-47.533599,-22.37585759999996],[-47.53353309999994,-22.375922299999957],[-47.53344409999994,-22.375990599999966],[-47.533401699999956,-22.376049399999943],[-47.53334979999994,-22.37615059999996],[-47.53324689999994,-22.37628509999996],[-47.53322209999993,-22.376355799999942],[-47.53319419999997,-22.37641919999993],[-47.53308119999997,-22.376468199999977],[-47.53293889999998,-22.376516699999968],[-47.53287289999997,-22.376563499999975],[-47.533241799999985,-22.37695109999993],[-47.53332329999995,-22.37708639999994],[-47.53342189999995,-22.377266499999962],[-47.53350839999996,-22.37738719999993],[-47.533604399999945,-22.377455699999928],[-47.53375459999995,-22.37751549999996],[-47.53390409999997,-22.37762289999995],[-47.533981799999935,-22.377742299999966],[-47.534073,-22.378175],[-47.534133199999985,-22.378323299999977],[-47.534195799999964,-22.378401099999962],[-47.53428,-22.37848379999997],[-47.53431249999994,-22.378515799999946],[-47.534333499999946,-22.37855069999995],[-47.534371799999974,-22.378614399999947],[-47.53440449999994,-22.378698699999973],[-47.534450499999934,-22.37879179999993],[-47.534506,-22.37887489999997],[-47.534624099999974,-22.378922599999953],[-47.534794,-22.379404],[-47.534766,-22.379823],[-47.534717,-22.380378],[-47.534656,-22.380669],[-47.53469,-22.380815],[-47.534721,-22.381025],[-47.534654,-22.38119],[-47.53451,-22.381591],[-47.534292,-22.38216],[-47.534266,-22.382537],[-47.534241,-22.382729],[-47.534241,-22.382919],[-47.534336,-22.38311],[-47.534355,-22.383238],[-47.534334,-22.383361],[-47.534353,-22.383576],[-47.534598,-22.383998],[-47.534744,-22.384095],[-47.53494759999995,-22.38413859999997],[-47.535104599999954,-22.384233199999983],[-47.53519479999994,-22.384317799999963],[-47.53527969999993,-22.38447949999994],[-47.53531289999995,-22.384635899999978],[-47.53514249999995,-22.384878799999967],[-47.53498469999994,-22.38510309999998],[-47.53495149999998,-22.385220299999958],[-47.53504849999996,-22.385374599999977],[-47.535082099999954,-22.38553079999997],[-47.53501959999994,-22.385860199999968],[-47.53476129999996,-22.386271799999975],[-47.534551499999964,-22.38658929999997],[-47.53450449999997,-22.38690889999998],[-47.53448369999995,-22.38716759999994],[-47.534455399999956,-22.387395399999946],[-47.53432129999993,-22.387644399999942],[-47.534193399999936,-22.387987],[-47.53411529999994,-22.388301199999944],[-47.53414449999997,-22.388548299999968],[-47.534186499999976,-22.388769199999956],[-47.534282,-22.388913799999955],[-47.53431039999998,-22.389031899999964],[-47.53423559999993,-22.38932609999995],[-47.53428839999998,-22.38958779999996],[-47.534319799999935,-22.38982679999998],[-47.53433339999998,-22.390028299999983],[-47.53448079999998,-22.390197499999942],[-47.53456319999998,-22.390435699999955],[-47.53453919999998,-22.390743],[-47.53435319999994,-22.390997099999936],[-47.53416549999997,-22.391190199999983],[-47.533999,-22.391324699999927],[-47.53395459999996,-22.391553899999963],[-47.534034599999984,-22.391727599999967],[-47.538637,-22.38704169999994],[-47.542277,-22.38330209999998],[-47.54231149999998,-22.383266799999944],[-47.54235349999993,-22.38322389999996],[-47.542393,-22.383183499999973],[-47.54241479999996,-22.38292389999998],[-47.54241859999996,-22.38285019999995],[-47.542530099999965,-22.38081569999997],[-47.542572,-22.379868699999975],[-47.54257439999998,-22.379813599999977]]]}},{"type":"Feature","properties":{"bairro":"Santana","casos":6,"idade_media":65.7,"custo_total":12487.11,"anos":"['2021' '2022' '2023' '2025']","total_ceps":3,"lat":-22.41139,"lon":-47.56139},"geometry":{"type":"Polygon","coordinates":[[[-47.572738399999935,-22.40677],[-47.57277,-22.406673199999943],[-47.572781299999974,-22.40664],[-47.57279379999994,-22.406600099999935],[-47.57286929999998,-22.406368399999963],[-47.572918,-22.406245],[-47.57327589999994,-22.405342899999937],[-47.57351309999996,-22.404759599999977],[-47.57352819999994,-22.404722299999946],[-47.57354429999998,-22.40468359999994],[-47.57416639999997,-22.403185099999973],[-47.57418209999997,-22.403147399999966],[-47.574197899999945,-22.403109299999983],[-47.57454809999996,-22.402269199999978],[-47.57456369999994,-22.40223169999996],[-47.57457889999995,-22.402194399999928],[-47.57491369999997,-22.401373299999932],[-47.57492389999993,-22.401349099999948],[-47.57493979999998,-22.401311299999975],[-47.57494759999997,-22.401292499999954],[-47.57541869999994,-22.40017169999993],[-47.57543309999994,-22.400139099999933],[-47.57545609999994,-22.400087799999937],[-47.57539839999998,-22.400098399999933],[-47.575354499999946,-22.40010689999997],[-47.57511249999993,-22.40015429999994],[-47.575072699999964,-22.400162],[-47.575032299999975,-22.40016959999997],[-47.57481469999993,-22.400210399999935],[-47.57426,-22.40031659999994],[-47.57411259999998,-22.400344899999936],[-47.57396819999997,-22.400383199999965],[-47.573956899999985,-22.400343799999973],[-47.57393179999997,-22.400282699999934],[-47.573917499999936,-22.400248099999942],[-47.57399289999995,-22.400139299999978],[-47.57455969999995,-22.39935269999995],[-47.57460979999996,-22.39928279999998],[-47.57503139999994,-22.398706],[-47.57518049999993,-22.39850189999993],[-47.57534459999994,-22.398277399999927],[-47.575442,-22.398128399999962],[-47.575600099999974,-22.397914399999934],[-47.575726,-22.397743899999966],[-47.57637969999996,-22.39686],[-47.57643359999997,-22.396786],[-47.576849799999934,-22.396222499999965],[-47.57695879999994,-22.396099599999957],[-47.57630089999998,-22.395878799999934],[-47.575369499999965,-22.39559559999998],[-47.57444179999993,-22.39531349999993],[-47.574755299999936,-22.394596299999932],[-47.57474869999993,-22.394554099999937],[-47.57471429999998,-22.39456169999994],[-47.573707199999944,-22.39478589999993],[-47.57366179999997,-22.394796],[-47.57361839999993,-22.39480569999995],[-47.57339849999994,-22.39485469999994],[-47.57338379999993,-22.394857699999932],[-47.57323539999993,-22.39488289999997],[-47.573100899999986,-22.394899],[-47.57299839999996,-22.394901499999946],[-47.57297689999996,-22.39490079999996],[-47.57289679999997,-22.39489329999998],[-47.57287249999996,-22.39488929999993],[-47.57280519999995,-22.39487639999993],[-47.572782899999936,-22.394871],[-47.57261189999997,-22.394819799999937],[-47.572573499999976,-22.394808299999966],[-47.572533299999975,-22.394795899999963],[-47.57163029999998,-22.394518199999936],[-47.57159009999998,-22.394505799999934],[-47.57155289999997,-22.39449449999995],[-47.57057569999995,-22.394197899999938],[-47.57053069999995,-22.394184199999927],[-47.570492,-22.394172399999945],[-47.56920139999994,-22.393779499999937],[-47.569160099999976,-22.393767],[-47.56913209999993,-22.393758899999966],[-47.56910559999994,-22.39375119999994],[-47.569082599999945,-22.393744199999958],[-47.569051299999956,-22.39373459999996],[-47.56901209999995,-22.393722699999955],[-47.567967399999986,-22.393406399999947],[-47.567071399999975,-22.393138199999953],[-47.566148099999964,-22.392864],[-47.56526709999997,-22.392591899999957],[-47.565228899999966,-22.392580099999975],[-47.56524539999998,-22.392529199999956],[-47.56525019999998,-22.39247219999993],[-47.565436199999965,-22.391937499999983],[-47.56552449999998,-22.391683599999965],[-47.56578319999994,-22.390939799999956],[-47.56500589999996,-22.390704],[-47.56372649999997,-22.390325],[-47.56281729999995,-22.390055699999948],[-47.56271659999993,-22.390337899999963],[-47.562482699999975,-22.390993799999933],[-47.56230289999996,-22.39155],[-47.56202609999997,-22.392394199999956],[-47.56127939999993,-22.394592299999942],[-47.56113949999997,-22.395009899999934],[-47.56117789999996,-22.395021699999972],[-47.56204939999998,-22.39528919999998],[-47.56209329999996,-22.39530259999998],[-47.56214419999998,-22.395317899999952],[-47.562951399999974,-22.395560599999953],[-47.56299229999996,-22.395572899999934],[-47.56298829999997,-22.395576699999935],[-47.562976799999944,-22.39560359999996],[-47.56297449999994,-22.395637],[-47.56298449999997,-22.395670199999927],[-47.56301639999998,-22.39570679999997],[-47.56304189999997,-22.39572039999996],[-47.563080699999944,-22.39572789999994],[-47.563121799999976,-22.39572149999998],[-47.56315239999998,-22.395705299999975],[-47.56325,-22.395722499999977],[-47.56340559999995,-22.39576409999995],[-47.56397839999994,-22.39595419999995],[-47.56491459999995,-22.396246],[-47.565831499999945,-22.396531799999934],[-47.56673779999994,-22.396807399999943],[-47.56766969999995,-22.397097299999928],[-47.567383,-22.397909899999945],[-47.567071399999975,-22.398750199999938],[-47.566767899999945,-22.399603699999943],[-47.566412,-22.400547],[-47.56608669999997,-22.401409299999955],[-47.56576869999998,-22.402292599999953],[-47.56548319999996,-22.40311889999998],[-47.56536909999994,-22.403375799999935],[-47.56524159999998,-22.403671199999962],[-47.56521189999995,-22.403774099999964],[-47.565211,-22.403777299999945],[-47.56521029999993,-22.403779699999973],[-47.565186799999935,-22.403861699999936],[-47.565263899999934,-22.403890399999966],[-47.566436399999986,-22.404230799999937],[-47.566127499999936,-22.404995799999938],[-47.565776,-22.40582539999997],[-47.56537909999997,-22.40677729999993],[-47.56502249999994,-22.407632499999977],[-47.56486069999994,-22.40801319999997],[-47.56479009999998,-22.40815429999998],[-47.564651099999935,-22.40850649999993],[-47.56490869999993,-22.408591399999978],[-47.56506649999994,-22.40865189999994],[-47.56557189999995,-22.40881369999994],[-47.566501399999936,-22.409102],[-47.56742639999993,-22.409389399999952],[-47.568346,-22.409687],[-47.56926389999995,-22.409964599999967],[-47.570169799999974,-22.410247699999957],[-47.57108029999995,-22.41053809999994],[-47.571126799999945,-22.41055339999997],[-47.571143699999936,-22.41051189999996],[-47.571506099999965,-22.409625799999958],[-47.57152519999994,-22.409579],[-47.571540099999936,-22.409541799999943],[-47.571564199999955,-22.409481699999958],[-47.57200979999993,-22.408425299999976],[-47.57226459999998,-22.407802199999935],[-47.572334799999965,-22.407636799999977],[-47.57234989999995,-22.407601399999976],[-47.572366099999954,-22.40756179999994],[-47.572505099999944,-22.40722139999997],[-47.57251119999995,-22.40720719999996],[-47.57259229999994,-22.40704409999995],[-47.57265689999997,-22.40693079999994],[-47.572676,-22.406894499999964],[-47.57269389999993,-22.40685869999993],[-47.572738399999935,-22.40677]]]}},{"type":"Feature","properties":{"bairro":"Vila Nova","casos":9,"idade_media":58.7,"custo_total":21115.53,"anos":"['2021' '2022' '2023' '2024' '2025']","total_ceps":4,"lat":-22.406963533333336,"lon":-47.558952644444446},"geometry":{"type":"Polygon","coordinates":[[[-47.551789,-22.397801499999957],[-47.55278469999996,-22.397867799999972],[-47.553202399999975,-22.397888799999976],[-47.55345579999994,-22.39790819999996],[-47.553775299999984,-22.39793409999993],[-47.55477309999998,-22.398002899999938],[-47.55577119999998,-22.398064399999953],[-47.556741399999964,-22.397885799999983],[-47.55763159999998,-22.39772449999998],[-47.557497299999966,-22.39728729999996],[-47.557478499999945,-22.397216299999968],[-47.55741249999994,-22.39695219999993],[-47.557158,-22.396141099999966],[-47.55689719999998,-22.39538609999994],[-47.55665179999994,-22.394615099999953],[-47.556336,-22.393673099999944],[-47.55605259999993,-22.392827799999964],[-47.55601989999997,-22.392730899999947],[-47.55575739999995,-22.39194729999997],[-47.555467299999975,-22.391082],[-47.55518979999994,-22.39026139999993],[-47.554899199999966,-22.38940189999994],[-47.55461269999995,-22.388554599999964],[-47.554583399999956,-22.388468],[-47.55450549999995,-22.388246699999968],[-47.55447379999998,-22.38817629999994],[-47.55434839999998,-22.38794009999998],[-47.55432459999997,-22.387899799999957],[-47.55429729999997,-22.38786349999998],[-47.55416269999995,-22.387710899999945],[-47.55303189999995,-22.387998799999934],[-47.55203239999997,-22.38825319999995],[-47.55109509999994,-22.388116599999933],[-47.550008899999966,-22.387958199999957],[-47.54954209999994,-22.387894399999936],[-47.549116699999956,-22.387838199999976],[-47.54860439999993,-22.38777049999993],[-47.54809179999995,-22.387702799999943],[-47.54757529999995,-22.387634499999933],[-47.54721909999995,-22.387580299999968],[-47.547099,-22.38756209999997],[-47.54661459999994,-22.38748759999993],[-47.54654819999996,-22.387478399999964],[-47.54614379999998,-22.387417],[-47.54552619999998,-22.387323099999946],[-47.545032599999956,-22.387248099999965],[-47.544857399999955,-22.38722809999996],[-47.54473019999995,-22.38721789999994],[-47.54452479999998,-22.387215599999934],[-47.544137,-22.386993],[-47.54411349999998,-22.387025799999947],[-47.544014499999946,-22.387203099999965],[-47.54388419999998,-22.387402899999927],[-47.54375749999997,-22.38751259999998],[-47.54371219999996,-22.387590599999953],[-47.54372969999997,-22.387685699999963],[-47.543744699999934,-22.38777639999995],[-47.543799899999954,-22.38788569999997],[-47.54380039999995,-22.387999299999933],[-47.543674399999986,-22.38812249999995],[-47.54352949999998,-22.388227299999983],[-47.543406,-22.38828159999997],[-47.543273599999964,-22.388309299999946],[-47.543168299999934,-22.38831],[-47.54309109999997,-22.388350299999956],[-47.543047,-22.38843309999993],[-47.54296889999995,-22.388517899999954],[-47.54287549999998,-22.388603899999964],[-47.542814,-22.388668399999972],[-47.542795299999966,-22.388705],[-47.54268669999993,-22.388918599999954],[-47.542508,-22.389234],[-47.542315,-22.389453],[-47.54191129999998,-22.389994299999955],[-47.54165389999997,-22.390251699999965],[-47.54146,-22.390490799999952],[-47.54122309999997,-22.39071739999997],[-47.540796099999966,-22.391057699999976],[-47.540425099999936,-22.391376],[-47.539928499999974,-22.39179],[-47.539689899999985,-22.392037199999947],[-47.53951019999994,-22.39218619999997],[-47.539314599999955,-22.392309199999943],[-47.53911019999998,-22.392487899999935],[-47.53891749999997,-22.392686699999956],[-47.53854259999997,-22.392994599999952],[-47.53809549999994,-22.393235699999934],[-47.537577899999974,-22.393456799999967],[-47.536967,-22.39362619999997],[-47.53583269999996,-22.393938799999944],[-47.535135,-22.394209],[-47.534534,-22.394331],[-47.53516769999993,-22.395293],[-47.535194299999944,-22.39549409999995],[-47.53538819999994,-22.395789299999933],[-47.535569099999975,-22.395869],[-47.53585389999995,-22.395847],[-47.536155399999984,-22.395812299999932],[-47.53649849999994,-22.395864699999947],[-47.536684099999945,-22.396065299999975],[-47.536844299999984,-22.39635569999996],[-47.53692389999998,-22.396581099999935],[-47.53685459999997,-22.396723599999973],[-47.536711,-22.39685869999994],[-47.53654019999993,-22.39707969999995],[-47.536269,-22.397295],[-47.53609949999998,-22.39739789999993],[-47.535908,-22.397618],[-47.535628,-22.397984],[-47.535543,-22.398272],[-47.535537,-22.398473],[-47.53554339999994,-22.398656699999947],[-47.53559859999996,-22.398885099999973],[-47.54099069999995,-22.40060649999998],[-47.54442629999994,-22.401560099999983],[-47.54443079999993,-22.401520699999935],[-47.544507099999976,-22.40086139999994],[-47.54451609999995,-22.400783],[-47.54460739999996,-22.399961299999973],[-47.544677099999944,-22.39907939999995],[-47.544753399999934,-22.398213299999952],[-47.544790699999965,-22.397335899999973],[-47.54569329999998,-22.397392799999977],[-47.545773699999984,-22.397401299999956],[-47.54677859999998,-22.397468199999935],[-47.54779359999998,-22.397535699999935],[-47.54878839999998,-22.397601899999927],[-47.54979579999997,-22.39766889999993],[-47.55079509999996,-22.39773539999993],[-47.551789,-22.397801499999957]]]}},{"type":"Feature","properties":{"bairro":"Vila Paulista","casos":10,"idade_media":67.2,"custo_total":21304.77,"anos":"['2021' '2022' '2023' '2024' '2025']","total_ceps":6,"lat":-22.41139,"lon":-47.56139},"geometry":{"type":"Polygon","coordinates":[[[-47.55429829999997,-22.43513539999998],[-47.554277799999966,-22.435103399999946],[-47.55426259999996,-22.43507969999996],[-47.554122,-22.434839599999975],[-47.553976,-22.434536299999934],[-47.55383649999993,-22.434199399999954],[-47.55373079999998,-22.43390979999998],[-47.55364019999996,-22.433604599999967],[-47.55357689999994,-22.433321699999965],[-47.55354169999998,-22.433026],[-47.55351009999998,-22.432694199999958],[-47.55349709999996,-22.432354699999962],[-47.55350359999994,-22.432087099999933],[-47.55352889999995,-22.431819599999983],[-47.553562399999976,-22.43157919999993],[-47.553625899999986,-22.43116379999998],[-47.55398059999993,-22.428960599999982],[-47.55399669999997,-22.428644],[-47.55396379999996,-22.428192099999933],[-47.553958,-22.428148299999975],[-47.55394169999994,-22.428025899999966],[-47.55393109999994,-22.42794639999994],[-47.553876,-22.42758029999993],[-47.55379659999994,-22.427292399999942],[-47.55368249999998,-22.426991199999975],[-47.55354479999994,-22.426717699999983],[-47.55339159999994,-22.426452299999937],[-47.55300579999994,-22.4259],[-47.55235529999993,-22.424968899999953],[-47.55212689999996,-22.424639299999967],[-47.55195149999997,-22.42431769999996],[-47.55179439999995,-22.42396119999995],[-47.55169509999996,-22.423671499999955],[-47.55162379999996,-22.42335939999998],[-47.55159109999994,-22.423022499999945],[-47.55159229999998,-22.42269609999994],[-47.551634699999966,-22.422334199999966],[-47.55169539999997,-22.421971799999938],[-47.55171739999997,-22.421877499999937],[-47.551890199999946,-22.42113839999996],[-47.55205859999995,-22.420432799999958],[-47.55206769999995,-22.42039479999994],[-47.552081199999975,-22.420338499999957],[-47.55209049999996,-22.420299399999976],[-47.55249089999995,-22.418619699999965],[-47.55314839999994,-22.415878299999974],[-47.553209299999935,-22.415710699999977],[-47.553017799999964,-22.41567329999998],[-47.55297829999995,-22.415665599999954],[-47.552050399999985,-22.415478399999927],[-47.55110429999996,-22.41528219999998],[-47.55016039999998,-22.415088799999978],[-47.549201799999935,-22.41488739999994],[-47.54825269999998,-22.414688],[-47.548213499999974,-22.41467979999993],[-47.54495889999998,-22.413998599999957],[-47.54497219999996,-22.41420059999996],[-47.545072199999936,-22.414435399999945],[-47.545114,-22.414588],[-47.54521579999994,-22.414699199999973],[-47.54537369999997,-22.414821099999983],[-47.54547679999996,-22.41489759999996],[-47.545506399999965,-22.414962699999933],[-47.54554269999994,-22.415061099999946],[-47.54559459999996,-22.415197199999966],[-47.54574539999993,-22.415421799999933],[-47.545992,-22.415754499999935],[-47.546177299999954,-22.41604119999994],[-47.54634869999995,-22.416382],[-47.54655789999998,-22.416710399999943],[-47.54675659999998,-22.41703],[-47.54712109999997,-22.417586399999948],[-47.54723979999994,-22.41776539999995],[-47.54734929999995,-22.417847199999983],[-47.54751369999997,-22.41793769999998],[-47.547640599999966,-22.41794219999997],[-47.54777909999996,-22.41790889999993],[-47.547955299999956,-22.417966099999944],[-47.54817319999995,-22.41811219999994],[-47.548379,-22.418305],[-47.54839149999998,-22.418390399999964],[-47.54843169999998,-22.418511499999966],[-47.54850159999995,-22.41861629999994],[-47.548503799999935,-22.418714799999975],[-47.54846659999998,-22.418774199999973],[-47.54831329999996,-22.41889569999995],[-47.548162599999955,-22.418946],[-47.54804339999998,-22.419058699999937],[-47.547901199999956,-22.419394199999942],[-47.547738899999956,-22.419671],[-47.54765539999994,-22.419811599999946],[-47.54751659999994,-22.42003589999996],[-47.54739159999997,-22.420310599999937],[-47.54727059999993,-22.420583299999976],[-47.54718189999994,-22.42086489999997],[-47.54713,-22.42100419999997],[-47.54704869999995,-22.421098299999983],[-47.546907499999975,-22.421204299999943],[-47.54681,-22.421304599999928],[-47.546838899999955,-22.42136039999997],[-47.546879399999966,-22.42144929999995],[-47.54708929999998,-22.42157089999995],[-47.54717629999993,-22.421695599999964],[-47.54724809999993,-22.421799799999974],[-47.547273099999984,-22.421892299999968],[-47.547248399999944,-22.421995899999956],[-47.54714829999995,-22.42208919999996],[-47.547018599999944,-22.422174499999983],[-47.546893599999976,-22.422278399999982],[-47.54684589999994,-22.42235949999997],[-47.54685949999998,-22.422466399999962],[-47.54695449999997,-22.422503699999936],[-47.54703719999998,-22.422596299999952],[-47.547176099999945,-22.422704299999964],[-47.54734359999998,-22.42281959999997],[-47.54739959999995,-22.422920399999953],[-47.54741729999995,-22.423051199999975],[-47.547360899999944,-22.423169799999982],[-47.54721039999998,-22.423401199999944],[-47.54721129999996,-22.423516399999983],[-47.54723859999996,-22.423670199999947],[-47.547302299999956,-22.42377749999997],[-47.54726979999998,-22.42386719999996],[-47.54713239999995,-22.423864099999946],[-47.546947099999954,-22.423816199999976],[-47.54674929999993,-22.42371389999994],[-47.54665789999996,-22.423707699999966],[-47.54661589999995,-22.423788],[-47.54662929999995,-22.424024199999963],[-47.546634,-22.424345],[-47.54660459999997,-22.424601799999948],[-47.54651249999995,-22.424719599999946],[-47.54639819999994,-22.424776099999974],[-47.546352799999966,-22.424891499999944],[-47.54645419999997,-22.42500069999994],[-47.546764,-22.425094499999943],[-47.54698279999997,-22.42516459999996],[-47.547172399999965,-22.425237],[-47.547307699999976,-22.425429099999974],[-47.547360899999944,-22.425676],[-47.547477699999945,-22.425864],[-47.54743159999998,-22.426003699999967],[-47.54735,-22.426116199999967],[-47.547214,-22.426206],[-47.547127,-22.426372],[-47.547066,-22.426525],[-47.547036,-22.426716],[-47.546982,-22.426843],[-47.546984,-22.427156],[-47.546933,-22.427292],[-47.546983,-22.427541],[-47.547003,-22.427863],[-47.547136,-22.428066],[-47.547282,-22.428507],[-47.547208,-22.428708],[-47.543404899999985,-22.429184499999963],[-47.54333529999997,-22.42919319999993],[-47.54213619999996,-22.428669199999945],[-47.54209989999998,-22.428652399999976],[-47.540284499999984,-22.427813199999946],[-47.54005739999997,-22.42748419999998],[-47.53673369999996,-22.426053],[-47.53645709999995,-22.425600799999927],[-47.53612279999993,-22.42571959999998],[-47.536172299999976,-22.426069499999983],[-47.536166,-22.426323699999955],[-47.536009399999955,-22.42655439999993],[-47.535602799999936,-22.426826],[-47.53403089999995,-22.427717299999927],[-47.53234459999993,-22.428818099999944],[-47.53136029999996,-22.429785699999968],[-47.53172909999995,-22.430362299999956],[-47.53185339999993,-22.43097309999996],[-47.53206259999996,-22.43151229999995],[-47.53227179999993,-22.432051499999943],[-47.53256429999993,-22.432430799999963],[-47.532750299999975,-22.432577699999968],[-47.533142,-22.43288709999996],[-47.533926,-22.433215],[-47.53453179999997,-22.433652699999982],[-47.534939099999974,-22.434072499999957],[-47.53631249999995,-22.43598449999996],[-47.53688809999994,-22.436921],[-47.536919499999954,-22.436972],[-47.53724079999995,-22.437245899999937],[-47.537562,-22.43751969999994],[-47.53764639999997,-22.437594699999977],[-47.53773079999996,-22.437669699999958],[-47.53865339999993,-22.438278599999933],[-47.53884649999998,-22.438406],[-47.539076799999975,-22.438558],[-47.539723,-22.438712899999928],[-47.539895599999966,-22.43875429999997],[-47.54018249999996,-22.43882309999998],[-47.54037189999997,-22.438868499999955],[-47.54057549999993,-22.438917299999957],[-47.540698099999986,-22.438946699999974],[-47.54098639999995,-22.439015799999936],[-47.54149179999996,-22.439046899999937],[-47.54177069999997,-22.43929719999994],[-47.542049599999984,-22.439547499999946],[-47.54266469999993,-22.440133899999978],[-47.54293389999998,-22.440607099999966],[-47.543066899999985,-22.440840699999967],[-47.54350059999996,-22.44160279999994],[-47.543665799999985,-22.44189309999996],[-47.54389209999994,-22.442258399999957],[-47.54404539999996,-22.442505899999958],[-47.54448869999993,-22.443221799999947],[-47.544692,-22.44353259999997],[-47.545181799999966,-22.44442639999994],[-47.54567249999997,-22.44527389999996],[-47.54568729999994,-22.44530679999997],[-47.545776599999954,-22.445504299999982],[-47.545880599999975,-22.44573479999997],[-47.54592219999995,-22.445804099999975],[-47.54607079999994,-22.44605169999994],[-47.54609829999998,-22.44609749999995],[-47.54614829999997,-22.44618079999998],[-47.546212399999945,-22.44621189999998],[-47.546276499999976,-22.44624289999996],[-47.54640479999995,-22.446305],[-47.54644719999993,-22.446325599999966],[-47.54675229999998,-22.446473399999945],[-47.547099799999955,-22.44664169999993],[-47.547186099999976,-22.44667439999995],[-47.54760259999995,-22.446832],[-47.547697899999946,-22.446868],[-47.548643599999934,-22.447349299999928],[-47.550303,-22.447797399999956],[-47.55231079999993,-22.448932599999978],[-47.553729199999964,-22.45015589999997],[-47.554615,-22.45105769999998],[-47.55550119999998,-22.452276599999948],[-47.55677369999995,-22.451266199999964],[-47.55810879999996,-22.45016449999997],[-47.558031,-22.45011459999995],[-47.557995699999935,-22.450092],[-47.557960399999956,-22.45006939999996],[-47.55791869999996,-22.450042699999983],[-47.557802899999956,-22.450000599999953],[-47.557682599999964,-22.44997879999994],[-47.55750589999997,-22.449918399999945],[-47.557300399999974,-22.449810799999966],[-47.55714729999994,-22.449722599999973],[-47.557016199999964,-22.449616099999957],[-47.55696109999997,-22.449535199999957],[-47.55693069999995,-22.449436799999944],[-47.55689419999993,-22.449230899999975],[-47.55686529999997,-22.449057899999957],[-47.55685159999996,-22.448892199999932],[-47.556817,-22.448735599999964],[-47.556761499999936,-22.448609099999942],[-47.556621,-22.448380499999928],[-47.556588499999975,-22.44831039999997],[-47.55658839999995,-22.448248299999932],[-47.556623599999966,-22.44819309999997],[-47.55669939999996,-22.44811629999998],[-47.55679509999993,-22.448073699999952],[-47.55690759999993,-22.44806079999995],[-47.55720469999994,-22.448048099999937],[-47.55729469999994,-22.448013199999934],[-47.55738489999993,-22.447933699999965],[-47.55747,-22.44781219999993],[-47.55747829999996,-22.44763389999997],[-47.557504499999936,-22.447475899999972],[-47.557525,-22.44728939999993],[-47.55749829999996,-22.44716449999993],[-47.55740979999996,-22.447027599999956],[-47.557291599999985,-22.446901499999967],[-47.557112899999936,-22.446755],[-47.55697829999997,-22.446665],[-47.556906599999934,-22.446604399999956],[-47.55686369999995,-22.446528599999965],[-47.55689959999995,-22.446446399999957],[-47.557088,-22.44632919999998],[-47.55727859999996,-22.44615639999995],[-47.55736979999995,-22.446054499999946],[-47.55739049999994,-22.44597619999996],[-47.55733669999995,-22.445893599999977],[-47.55725709999996,-22.445849599999974],[-47.557144799999946,-22.44586259999994],[-47.55700939999997,-22.445901099999958],[-47.55690049999998,-22.445889699999952],[-47.55681059999995,-22.445786099999964],[-47.55681509999994,-22.445702599999947],[-47.55687179999995,-22.445584699999927],[-47.55693169999995,-22.445496299999945],[-47.557027199999936,-22.445417499999962],[-47.55714809999995,-22.44541],[-47.557309,-22.445431199999973],[-47.55737359999995,-22.445397399999933],[-47.55743359999997,-22.445311],[-47.55745329999996,-22.445236699999953],[-47.55737,-22.445128299999965],[-47.55726439999995,-22.445068299999946],[-47.55702179999997,-22.44493209999996],[-47.55692979999998,-22.44487],[-47.556924599999945,-22.444746899999927],[-47.55694749999998,-22.444549799999947],[-47.55702489999993,-22.444229399999983],[-47.55711669999994,-22.443909099999928],[-47.557149799999934,-22.443727199999955],[-47.55713939999998,-22.443643399999928],[-47.55707849999993,-22.44359],[-47.55697589999994,-22.443572],[-47.55689189999998,-22.443501599999934],[-47.55682349999995,-22.443352699999934],[-47.556786,-22.443268899999964],[-47.55679139999995,-22.44312969999993],[-47.556706,-22.443057499999952],[-47.55660149999994,-22.442970199999934],[-47.55657739999998,-22.44291839999994],[-47.556619299999966,-22.442835099999968],[-47.556717799999944,-22.44278689999993],[-47.55689259999997,-22.44275639999995],[-47.55705089999998,-22.44275159999995],[-47.55720679999996,-22.442767699999933],[-47.55734959999995,-22.442719799999963],[-47.55746149999993,-22.442654199999936],[-47.557495899999935,-22.442596],[-47.55747269999995,-22.442549199999974],[-47.557388799999956,-22.44252359999996],[-47.557208499999945,-22.442482499999983],[-47.55706809999998,-22.442419299999983],[-47.55682219999994,-22.442201599999976],[-47.55670169999996,-22.44207069999993],[-47.55662609999996,-22.441969599999936],[-47.55651439999997,-22.441888],[-47.556395099999975,-22.44183279999993],[-47.55628559999997,-22.441763299999934],[-47.55641019999996,-22.441604199999972],[-47.55658119999998,-22.44132049999996],[-47.55676209999996,-22.440998099999945],[-47.55687179999995,-22.44067579999995],[-47.556930299999976,-22.440322399999957],[-47.55693389999993,-22.43999569999994],[-47.556905599999936,-22.439692199999968],[-47.55685209999996,-22.439413799999954],[-47.556768,-22.439105499999982],[-47.55666269999995,-22.438862],[-47.55648779999996,-22.438532099999975],[-47.554321699999946,-22.435171699999955],[-47.55429829999997,-22.43513539999998]]]}}]}